Name,ID,Barrio,Precio,Edad,Area Construida,Area Total,Parking/admin_value,Descripcion,Estrato,Habitaciones,Baños,Other Variable,list,Vigilancia 24hrs,Ubicado en edificio,Chimenea,Cocina integral,Tipo de parqueadero independiente,Cerca colegios / universidades,Cerca supermercados,Características del parqueadero cubierto,Portería,Tipo de estufa gas,Citófonos,Terraza/Balcón balcón,Piso en baldosa,Vigilancia,Zonas verdes,Parqueadero visitantes,Patio,Hall de alcobas,Estudio o biblioteca,Apto para niños,Tipo de cortinas ninguna,Cuarto de servicio,Piso 2,Cocina tipo americano,Lote vacio,Sobre vía principal,Jardín,Instalación de gas natural,Zona para niños,Zona de lavandería,Vigilancia 0,Tipo de parqueadero propio,Cerca parques,Calefacción,Tipo de casa tradicional,Deposito 1,Salón comunal,Piso 1,Zona campestre,Circuito cerrado de TV,Zona residencial,Zona comercial,Acceso para discapacitados,Zona de BBQ,Baño auxiliar,Tipo de lote lote vacío,Piso en porcelanato,Baños de servicio,Piso en madera,Calentador gas,Vista panorámica,Conjunto cerrado,Cerca transporte público,Sobre vía secundaria,Ascensor,Depósito o cuarto útil,Cerca centros comerciales,Tipo de comedor sala comedor,Parqueadero cubierto,Número de Ascensores 1,Piso 3,Vista exterior,date,city
"Casa en Venta, Solano",920-42151036,Solano,$1.390.000.000,Más de 20 años,440 m²,440 m²,2,"Casa para uso de oficinas, EPS, consultorios o comercial, en Solano, Duitama para venta. Esta distribuida por niveles, cuenta dos salas amplias, seis baños, trece consultorios, bodega, patio amplio y rampa de acceso. Sótano, semisótano, dos patios y dos garajes. Excelente sector de Boyacá.",4,1,5,"['Baño auxiliar', 'Instalación de gas ninguno', 'Patio', 'Tipo de cocina lineal', 'Tipo de parqueadero independiente', 'Tipo acabado de piso otro', 'Tipo de piso en alcobas otro', 'Tipo de piso en comedor otro', 'Tipo de piso en estudio otro', 'Tipo de piso en sala otro', 'Vista exterior', 'Vigilancia 0', 'Cerca centros comerciales', 'Cerca parques', 'Cerca supermercados', 'Zona comercial']","['Baño auxiliar', 'Instalación de gas ninguno', 'Patio', 'Tipo de cocina lineal', 'Tipo de parqueadero independiente', 'Tipo acabado de piso otro', 'Tipo de piso en alcobas otro', 'Tipo de piso en comedor otro', 'Tipo de piso en estudio otro', 'Tipo de piso en sala otro', 'Vista exterior', 'Vigilancia 0', 'Cerca centros comerciales', 'Cerca parques', 'Cerca supermercados', 'Zona comercial']",0,0,0,0,1,0,1,0,0,0,0,0,0,1,0,0,1,0,0,0,0,0,0,0,0,0,0,0,0,0,1,0,1,0,0,0,0,0,0,0,0,1,0,0,1,0,0,0,0,0,0,0,0,0,0,0,1,0,0,0,0,1,2023-10-03,duitama
Apartamento en Venta,51-M3275229,,$208.000.000,Entre 0 y 5 años,66 m²,65 m²,$80.000,"excelente proyecto en preconstrucción en la ciudad de Duitama es un centro urbano que se conoce como la capital Cívica de Boyacá, es un puerto transportador ubicado en un punto estratégico, para la prestación de servicios.

Este lindo proyecto esta ubicado en una zona muy importante de desarrollo urbanístico, cuenta con tres torres con excelentes acabados en siete pisos con una lindas zonas comunes.
cuenta con apartamentos desde 1 hasta 3 habitaciones
para entrega segundo semestre 2023

   ",3,3,2,"['Apto para niños', 'Citófonos', 'Tipo de cortinas ninguna', 'Zona de lavandería', 'Instalación de gas natural', 'Closets 2', 'Piso 4', 'Se permite fumar', 'Calentador gas', 'Tipo de cocina abierta', 'Tipo de comedor sala comedor', 'Deposito 0', 'Tipo de estufa gas', 'Tipo de parqueadero propio', 'Vista exterior', 'Area Terraza/Balcón 2 m²', 'Acceso para discapacitados', 'Vista panorámica', 'Conjunto cerrado', 'Terraza/Balcón balcón', 'Salón comunal', 'Zona para niños', 'Zonas verdes', 'Cerca centros comerciales', 'Cerca colegios / universidades', 'Cerca parques', 'Cerca supermercados', 'Cerca transporte público', 'Sobre vía secundaria']","['Apto para niños', 'Citófonos', 'Tipo de cortinas ninguna', 'Zona de lavandería', 'Instalación de gas natural', 'Closets 2', 'Piso 4', 'Se permite fumar', 'Calentador gas', 'Tipo de cocina abierta', 'Tipo de comedor sala comedor', 'Deposito 0', 'Tipo de estufa gas', 'Tipo de parqueadero propio', 'Vista exterior', 'Area Terraza/Balcón 2 m²', 'Acceso para discapacitados', 'Vista panorámica', 'Conjunto cerrado', 'Terraza/Balcón balcón', 'Salón comunal', 'Zona para niños', 'Zonas verdes', 'Cerca centros comerciales', 'Cerca colegios / universidades', 'Cerca parques', 'Cerca supermercados', 'Cerca transporte público', 'Sobre vía secundaria']",0,0,0,0,0,1,1,0,0,1,1,1,0,0,1,0,0,0,0,1,1,0,0,0,0,0,0,1,1,1,0,1,1,0,0,0,1,0,0,0,0,0,1,0,0,0,0,0,0,1,1,1,1,1,0,0,1,1,0,0,0,1,2023-10-03,duitama
"Apartamento en Venta, San Juan bosco",MC4587122,San Juan bosco,$240.000.000,Entre 0 y 5 años,140 m²,140 m²,,"Residencia universitaria, 7 habitaciones más un apartaestudio, 8 baños, zona social,  patio de ropas, gas natural, todos los servicios independientes.  RENTANDO 2 MILLONES DE PESOS. ",2,5,5,"['Cocina integral', 'Equipado / amoblado', 'Piso en baldosa', 'Piso en porcelanato', 'Vigilancia', 'Zona de lavandería', 'Piso 1', 'Cerca colegios / universidades', 'Cerca supermercados', 'Cerca transporte público']","['Cocina integral', 'Equipado / amoblado', 'Piso en baldosa', 'Piso en porcelanato', 'Vigilancia', 'Zona de lavandería', 'Piso 1', 'Cerca colegios / universidades', 'Cerca supermercados', 'Cerca transporte público']",0,0,0,1,0,1,1,0,0,0,0,0,1,1,0,0,0,0,0,0,0,0,0,0,0,0,0,0,0,1,0,0,0,0,0,0,0,1,0,0,0,0,0,0,0,0,1,0,0,0,0,0,1,0,0,0,0,0,0,0,0,0,2023-10-03,duitama
"Lote o Casalote en Venta, Centro",11233-M3248192,Centro,$3.000.000.000,Más de 20 años,0 m²,4966 m²,,"Oportunidad única! Lote de 4.967 m2 en Duitama, Boyacá, con uso del suelo para vivienda hasta 5 pisos. Perfecto para inversionistas que buscan construir proyectos residenciales en una zona tranquila y con gran potencial de valorización. No pierdas esta oportunidad de inversión en una de las ciudades más prósperas de Boyacá. Contáctanos ahora mismo para más información.Se aceptan permutas por locales de valor superior, en las ciudades de Bogota, Bucaramanga y inversióninmobiliaria oportunidaddeinversión terrenoenventa Duitama Boyacá",3,,,['Area lote 4966 m²'],['Area lote 4966 m²'],0,0,0,0,0,0,0,0,0,0,0,0,0,0,0,0,0,0,0,0,0,0,0,0,0,0,0,0,0,0,0,0,0,0,0,0,0,0,0,0,0,0,0,0,0,0,0,0,0,0,0,0,0,0,0,0,0,0,0,0,0,0,2023-10-03,duitama
"Lote o Casalote en Venta, Vereda Tocogua Duitama",10278-M3848714,Vereda Tocogua Duitama,$300.000.000,Entre 10 y 20 años,72 m²,72 m²,,"Este lote cuenta con una casa semi terminada ubicada en la Vereda Tocogüa, cuenta con estufa de leña y energía eléctrica. Cuenta con los beneficios de la paz y tranquilidad que da una ubicación rural o campestre, pero muy cerca del casco urbano del municipio de Duitama, una de las principales poblaciones del departamento de Boyacá. La ubicación del predio es estratégica ya que cuenta con una hermosa vista y se encuentra muy cerca de senderos naturales para realizar caminatas ecológicas o actividades de ecoturismo. La distancia entre la entrada al lote y la primera vía urbana es aproximadamente menos de 1 kilometro o lo que equivale a menos de 5 minutos en un vehículo particular o 15 minutos caminando.",2,,,[],[],0,0,0,0,0,0,0,0,0,0,0,0,0,0,0,0,0,0,0,0,0,0,0,0,0,0,0,0,0,0,0,0,0,0,0,0,0,0,0,0,0,0,0,0,0,0,0,0,0,0,0,0,0,0,0,0,0,0,0,0,0,0,2023-10-03,duitama
"Apartamento en Venta, Centro",MC4571793,Centro,$320.000.000,Más de 20 años,107 m²,98 m²,1,"En venta apartamento amplio, ubicado en el centro del municipio de Duitama. ",5,3,3,"['Baño auxiliar', 'Características del parqueadero cubierto', 'Citófonos', 'Cocina integral', 'Cuarto de servicio', 'Estudio o biblioteca', 'Piso en madera', 'Zona de lavandería', 'Piso 7', 'Tipo de parqueadero propio', 'Ascensor', 'Portería', 'Salón comunal', 'Cerca centros comerciales', 'Cerca parques', 'Cerca supermercados', 'Cerca transporte público', 'Ubicado en edificio']","['Baño auxiliar', 'Características del parqueadero cubierto', 'Citófonos', 'Cocina integral', 'Cuarto de servicio', 'Estudio o biblioteca', 'Piso en madera', 'Zona de lavandería', 'Piso 7', 'Tipo de parqueadero propio', 'Ascensor', 'Portería', 'Salón comunal', 'Cerca centros comerciales', 'Cerca parques', 'Cerca supermercados', 'Cerca transporte público', 'Ubicado en edificio']",0,1,0,1,0,0,1,1,1,0,1,0,0,0,0,0,0,0,1,0,0,1,0,0,0,0,0,0,0,1,0,1,1,0,0,0,1,0,0,0,0,0,0,0,1,0,0,0,1,0,0,0,1,0,1,0,1,0,0,0,0,0,2023-10-03,duitama
"Lote o Casalote en Venta, San Pedro",MC4566594,San Pedro,$900.000.000,500 m²,500 m²,,,"Dentro de las fotos se encuentra una con la descripción de la vivienda. Es casa campestre excelente vista, zona de cabañas, en Duitama. Excelente en servicios públicos, ubicada al lado vida principal fácil acceso servicio transporte público. Cuenta con toda la documentacion, planos y valoración por arquitecto.  ",3,,,"['Con vivienda', 'Fondo 1000 m', 'Lote vacio', 'Piso 3', 'Patio', 'Zonas verdes', 'Cerca transporte público']","['Con vivienda', 'Fondo 1000 m', 'Lote vacio', 'Piso 3', 'Patio', 'Zonas verdes', 'Cerca transporte público']",0,0,0,0,0,0,0,0,0,0,0,0,0,0,1,0,1,0,0,0,0,0,0,0,1,0,0,0,0,0,0,0,0,0,0,0,0,0,0,0,0,0,0,0,0,0,0,0,0,0,0,0,1,0,0,0,0,0,0,0,1,0,2023-10-03,duitama
"Casa en Venta, El Libertador",342-M4423503,El Libertador,$380.000.000,Entre 10 y 20 años,240 m²,240 m²,2,"HERMOSA CASA EN DUITAMACUENTA CON UN AREA DE 240 METROS, EN EL PRIMER NIVEL CUENTA CON SALA COMEDORCON CHIMENEA, COCINA INTEGRAL A GAS, UN HABITACION CON BAÑO, PATIO DE ROPAS, SEGUNDO NIVEL  TRES HABITACIONES CON CLOSET, DOS BAÑOS, UN ESTUDIO, ESTAR DE ALCOBAS, TERCER NIVEL DOS HABITACIONES, UN BAÑO, CUERTO CON SAUNA, TERRAZA, EXCELENTE ACABADOS, MUY BUENA UBICACION, CERCA A CENTRO COMERCIAL, EXITO, COLEGIOS. ACEPTA PERMUTA EN BOGOTA O DUITAMA.",3,5,4,"['Estudio o biblioteca', 'Instalación de gas natural', 'Closets 1', 'Patio', 'Tipo de cocina lineal', 'Tipo de comedor sala comedor', 'Tipo de parqueadero independiente', 'Tipo acabado de piso porcelanato', 'Tipo de piso en alcobas porcelanato', 'Tipo de piso en comedor porcelanato', 'Tipo de piso en estudio porcelanato', 'Tipo de piso en sala porcelanato', 'Vista exterior', 'Baños de servicio', 'Jardín', 'Vigilancia 0', 'Cerca centros comerciales', 'Cerca colegios / universidades', 'Cerca parques', 'Cerca supermercados', 'Cerca transporte público', 'Sobre vía secundaria', 'Zona residencial']","['Estudio o biblioteca', 'Instalación de gas natural', 'Closets 1', 'Patio', 'Tipo de cocina lineal', 'Tipo de comedor sala comedor', 'Tipo de parqueadero independiente', 'Tipo acabado de piso porcelanato', 'Tipo de piso en alcobas porcelanato', 'Tipo de piso en comedor porcelanato', 'Tipo de piso en estudio porcelanato', 'Tipo de piso en sala porcelanato', 'Vista exterior', 'Baños de servicio', 'Jardín', 'Vigilancia 0', 'Cerca centros comerciales', 'Cerca colegios / universidades', 'Cerca parques', 'Cerca supermercados', 'Cerca transporte público', 'Sobre vía secundaria', 'Zona residencial']",0,0,0,0,1,1,1,0,0,0,0,0,0,1,0,0,1,0,1,0,0,0,0,0,0,0,1,1,0,0,1,0,1,0,0,0,0,0,0,0,1,0,0,0,0,0,0,1,0,0,0,0,1,1,0,0,1,1,0,0,0,1,2023-10-03,duitama
Lote o Casalote en Venta,5483-M2704947,,$980.000.000,Más de 20 años,6828 m²,6828 m²,,"Vendo Lote con ubicación estratégica sobre la vía Duitama – Tibasosa, son 6828 mts con topografía plana,  disponibilidad de servicios públicos de fácil acceso sin necesidad de prolongues de los mismos. Uso para restaurantes, estacionamientos, paradores, centros de acopio de productos agropecuarios, servicios hoteleros. Usos condicionados como Terminales de Transporte, almacenes de grandes superficies y Uso Institucional. Tiene 42,50 de frente y hacia el fondo se reduce a 18,20mts. De fondo tiene 228mts de un lado y de otro tiene 222mts. Está ubicado en zona suburbana en límites con Duitama, en la recta San Rafael, en sentido Duitama-Sogamoso.",1,,,"['Ancho 42 m', 'Fondo 228 m', 'Tipo de lote lote vacío', 'Area lote 6828 m²', 'Sobre vía principal']","['Ancho 42 m', 'Fondo 228 m', 'Tipo de lote lote vacío', 'Area lote 6828 m²', 'Sobre vía principal']",0,0,0,0,0,0,0,0,0,0,0,0,0,0,0,0,0,0,0,0,0,0,0,0,0,1,0,0,0,0,0,0,0,0,0,0,0,0,0,0,0,0,0,0,0,1,0,0,0,0,0,0,0,0,0,0,0,0,0,0,0,0,2023-10-03,duitama
"Casa en Venta, La esperanza ",MC4589189,La esperanza ,$285.000.000,Entre 0 y 5 años,200 m²,210 m²,1,Se vende hermosa casa con un área de dosientos metros cuadrados la casa se entrega totalmente terminada( agusto  del cliente) Cuenta con tres niveles en el primer nivel está el parqueadero sala comedor cocina integral baño social segundo nivel tres habitaciones estudio y dos baños completos en el tercer nivel Patio de ropas zona BBQ y 55 mtr de terraza más balcón ,3,3,3,"['Baño auxiliar', 'Características del parqueadero cubierto', 'Alarma', 'Cocina integral', 'Estudio o biblioteca', 'Piso en baldosa', 'Piso 3', 'Patio', 'Tipo de parqueadero propio', 'Baños de servicio', 'Jardín', 'Zona de BBQ', 'Zona para niños', 'Zonas verdes', 'Cerca colegios / universidades', 'Cerca parques', 'Cerca supermercados', 'Cerca transporte público', 'Zona comercial', 'Zona residencial']","['Baño auxiliar', 'Características del parqueadero cubierto', 'Alarma', 'Cocina integral', 'Estudio o biblioteca', 'Piso en baldosa', 'Piso 3', 'Patio', 'Tipo de parqueadero propio', 'Baños de servicio', 'Jardín', 'Zona de BBQ', 'Zona para niños', 'Zonas verdes', 'Cerca colegios / universidades', 'Cerca parques', 'Cerca supermercados', 'Cerca transporte público', 'Zona comercial', 'Zona residencial']",0,0,0,1,0,1,1,1,0,0,0,0,1,0,1,0,1,0,1,0,0,0,0,0,0,0,1,0,1,0,0,1,1,0,0,0,0,0,0,0,1,1,0,1,1,0,0,1,0,0,0,0,1,0,0,0,0,0,0,0,1,0,2023-10-03,duitama
"Lote o Casalote en Venta, ARAUQUITA",11295-M3798157,ARAUQUITA,$140.000.000,Entre 0 y 5 años,0 m²,177 m²,,"Lote urbano cerca al nuevo terminal y a la vía duitama-tunja para casa de hasta 5 pisos o bodega con los puntos de los servicios cerca
",2,,,['Tipo de lote lote vacío'],['Tipo de lote lote vacío'],0,0,0,0,0,0,0,0,0,0,0,0,0,0,0,0,0,0,0,0,0,0,0,0,0,0,0,0,0,0,0,0,0,0,0,0,0,0,0,0,0,0,0,0,0,1,0,0,0,0,0,0,0,0,0,0,0,0,0,0,0,0,2023-10-03,duitama
"Apartamento en Venta, Sector San Jose Uptc",3284-1184544,Sector San Jose Uptc,$280.000.000,Entre 0 y 5 años,97 m²,97 m²,$106.000,"Vendo hermoso apartamento en Duitama Boyacá, sector universidad UPTC, cerca del pueblito Boyacense, Excelente ubicación, esquinero, muy tranquilo, parque infantil, puerta de parqueadero con contro remoto, depósito, ascensor, muy iluminado. tres habitaciones, dos baños, cocina integral tipo americano, pisos laminados, calentador a gas para todos los grifos y duchas, balcón en sala y en alcoba principal, estudio, conexión para chimenea a gas, zona de lavandería. Gran oportunidad. Un año de construido.
",3,3,2,"['Baño auxiliar', 'Calefacción', 'Citófonos', 'Cocina tipo americano', 'Cocina integral', 'Estudio o biblioteca', 'Hall de alcobas', 'Zona de lavandería', 'Piso 3', 'Deposito 1', 'Area Terraza/Balcón 3 m²', 'Baños de servicio', 'Vista panorámica', 'Terraza/Balcón balcón']","['Baño auxiliar', 'Calefacción', 'Citófonos', 'Cocina tipo americano', 'Cocina integral', 'Estudio o biblioteca', 'Hall de alcobas', 'Zona de lavandería', 'Piso 3', 'Deposito 1', 'Area Terraza/Balcón 3 m²', 'Baños de servicio', 'Vista panorámica', 'Terraza/Balcón balcón']",0,0,0,1,0,0,0,0,0,0,1,1,0,0,0,0,0,1,1,0,0,0,0,1,0,0,0,0,0,1,0,0,0,1,0,1,0,0,0,0,0,0,0,0,1,0,0,1,0,0,1,0,0,0,0,0,0,0,0,0,1,0,2023-10-03,duitama
"Apartamento en Venta, Solano",MC4587888,Solano,$400.000.000,Entre 5 y 10 años,107 m²,107 m²,$290.000,"Amplio, bien ubicado, bien centrado, con piscina para niños y adultos, gimnasio, zona amplia para niños, con balcon, parque, zonas verdes, parqueadero cubierto tanto para propietarios como para visitantes.",5,3,2,"['Baño auxiliar', 'Características del parqueadero cubierto', 'Citófonos', 'Cocina tipo americano', 'Cocina integral', 'Estudio o biblioteca', 'Piso en baldosa', 'Sauna / turco', 'Vigilancia', 'Zona de lavandería', 'Piso 14', 'Tipo de parqueadero propio', 'Ascensor', 'Baños de servicio', 'Cuarto para escoltas', 'Depósito o cuarto útil', 'Parqueadero visitantes', 'Piscina', 'Conjunto cerrado', 'Portería', 'Jaula de golf', 'Salón comunal', 'Zona para niños', 'Zonas verdes', 'Cerca centros comerciales', 'Cerca colegios / universidades', 'Cerca parques', 'Cerca supermercados', 'Cerca transporte público', 'Ubicado en edificio', 'Zona comercial', 'Zona residencial']","['Baño auxiliar', 'Características del parqueadero cubierto', 'Citófonos', 'Cocina tipo americano', 'Cocina integral', 'Estudio o biblioteca', 'Piso en baldosa', 'Sauna / turco', 'Vigilancia', 'Zona de lavandería', 'Piso 14', 'Tipo de parqueadero propio', 'Ascensor', 'Baños de servicio', 'Cuarto para escoltas', 'Depósito o cuarto útil', 'Parqueadero visitantes', 'Piscina', 'Conjunto cerrado', 'Portería', 'Jaula de golf', 'Salón comunal', 'Zona para niños', 'Zonas verdes', 'Cerca centros comerciales', 'Cerca colegios / universidades', 'Cerca parques', 'Cerca supermercados', 'Cerca transporte público', 'Ubicado en edificio', 'Zona comercial', 'Zona residencial']",0,1,0,1,0,1,1,1,1,0,1,0,1,1,1,1,0,0,1,0,0,0,0,1,0,0,0,0,1,1,0,1,1,0,0,0,1,1,0,0,1,1,0,0,1,0,0,1,0,0,0,1,1,0,1,1,1,0,0,0,0,0,2023-10-03,duitama
"Bodega en Venta, Centro",11295-M4141467,Centro,$990.000.000,Entre 10 y 20 años,330 m²,330 m²,,"Se vende bodega amplia de 3  salones con entrada por ambas caras con servicios disponibles ubicada a 3 cuadras de la Plaza del Libertador de la ciudad de Duitama. El uso de suelos permite construir hasta 8 pisos , un proyectos interesante para constructoras.",3,,,"['Oficinas', 'Número de bodega 1', 'Tipo de bodega industrial']","['Oficinas', 'Número de bodega 1', 'Tipo de bodega industrial']",0,0,0,0,0,0,0,0,0,0,0,0,0,0,0,0,0,0,0,0,0,0,0,0,0,0,0,0,0,0,0,0,0,0,0,0,0,0,0,0,0,0,0,0,0,0,0,0,0,0,0,0,0,0,0,0,0,0,0,0,0,0,2023-10-03,duitama
"Casa en Venta, Villa del Prado",MC4488295,Villa del Prado,$1.300.000.000,Entre 10 y 20 años,468 m²,468 m²,4,"CASA EN VENTA EN CONJUNTO CERRADO CAMPESTRE DUITAMA BOYACA BARRIO VILLA DEL PRADO. AREA TERRENO: 1614 MTS PORTERIA AMPLIAS ZONAS VERDES TAPIA PISADA CERRANDO EL CONJUNTO.  CINCO HABITACIONES. SEIS BAÑOS, SALÓN DE REUNIONES, ACABADOS: PISO BALDOSA IMPORTADA, PUERTA PUERTAS Y CLOSET EN MADERA, TECHO MADERA IMPERMEABILIZADO. SERVICIOS PUBLICOS TOTALMENTE INDEPENDIENTES GARAJE CUBIERTO PARA 4 CARROS, ZONAS VERDES ALREDEDOR",4,5,5,"['Baño auxiliar', 'Características del parqueadero cubierto', 'Cocina integral', 'Cuarto de servicio', 'Estudio o biblioteca', 'Jacuzzi', 'Piso en baldosa', 'Zona de lavandería', 'Piso 2', 'Patio', 'Tipo de parqueadero propio', 'Baños de servicio', 'Depósito o cuarto útil', 'Jardín', 'Parqueadero visitantes', 'Conjunto cerrado', 'Portería', 'Zonas verdes', 'Cerca centros comerciales', 'Cerca colegios / universidades', 'Cerca parques', 'Cerca supermercados', 'Cerca transporte público', 'Zona campestre', 'Zona residencial']","['Baño auxiliar', 'Características del parqueadero cubierto', 'Cocina integral', 'Cuarto de servicio', 'Estudio o biblioteca', 'Jacuzzi', 'Piso en baldosa', 'Zona de lavandería', 'Piso 2', 'Patio', 'Tipo de parqueadero propio', 'Baños de servicio', 'Depósito o cuarto útil', 'Jardín', 'Parqueadero visitantes', 'Conjunto cerrado', 'Portería', 'Zonas verdes', 'Cerca centros comerciales', 'Cerca colegios / universidades', 'Cerca parques', 'Cerca supermercados', 'Cerca transporte público', 'Zona campestre', 'Zona residencial']",0,0,0,1,0,1,1,1,1,0,0,0,1,0,1,1,1,0,1,0,0,1,1,0,0,0,1,0,0,1,0,1,1,0,0,0,0,0,1,0,1,0,0,0,1,0,0,1,0,0,0,1,1,0,0,1,1,0,0,0,0,0,2023-10-03,duitama
"Casa en Venta, Duitama",418-M2154137,Duitama,$2.300.000.000,Entre 0 y 5 años,520 m²,520 m²,$600.000,Excelente casa campestre en conjunto cerrado en Duitama. Cocina en Isla. 4 habitaciones cada una con baño. La principal con jacuzzi. pisos en madera. Excelentes detalles arquitectónicos y terminados. Zona para BBQ. 5 parqueaderos. 520 metros cuadrados construidos sobre lote de 1400 m2. Rodeado de naturaleza. amplias zonas verdes. Capilla,5,4,5,"['Apto para niños', 'Alarma', 'Calefacción', 'Chimenea', 'Citófonos', 'Comedor auxiliar', 'Cuarto de servicio', 'Estudio o biblioteca', 'Parqueadero cubierto', 'Hall de alcobas', 'Jacuzzi', 'Equipado / amoblado', 'Puerta seguridad', 'Zona de lavandería', 'Instalación de gas natural', 'Número de líneas teléfonicas 1', 'Calentador gas', 'Tipo de casa condominio', 'Tipo de cocina isla', 'Tipo de comedor comedor independiente', 'Deposito 2', 'Tipo de estufa gas', 'Tipo de parqueadero independiente', 'Tipo acabado de piso madera', 'Tipo de piso en alcobas madera', 'Tipo de piso en comedor madera', 'Tipo de piso en estudio madera', 'Tipo de piso en sala madera', 'Vista exterior', 'Area lote 1400 m²', 'Area Terraza/Balcón 10 m²', 'Acceso para discapacitados', 'Circuito cerrado de TV', 'Jardín', 'Vista panorámica', 'Conjunto cerrado', 'Esquinero', 'Terraza/Balcón balcón', 'Vigilancia 24hrs', 'Salón comunal', 'Sendero peatonal', 'Zona de BBQ', 'Zona para niños', 'Zonas verdes', 'Cerca parques', 'Cerca supermercados', 'Cerca transporte público', 'Sobre vía secundaria']","['Apto para niños', 'Alarma', 'Calefacción', 'Chimenea', 'Citófonos', 'Comedor auxiliar', 'Cuarto de servicio', 'Estudio o biblioteca', 'Parqueadero cubierto', 'Hall de alcobas', 'Jacuzzi', 'Equipado / amoblado', 'Puerta seguridad', 'Zona de lavandería', 'Instalación de gas natural', 'Número de líneas teléfonicas 1', 'Calentador gas', 'Tipo de casa condominio', 'Tipo de cocina isla', 'Tipo de comedor comedor independiente', 'Deposito 2', 'Tipo de estufa gas', 'Tipo de parqueadero independiente', 'Tipo acabado de piso madera', 'Tipo de piso en alcobas madera', 'Tipo de piso en comedor madera', 'Tipo de piso en estudio madera', 'Tipo de piso en sala madera', 'Vista exterior', 'Area lote 1400 m²', 'Area Terraza/Balcón 10 m²', 'Acceso para discapacitados', 'Circuito cerrado de TV', 'Jardín', 'Vista panorámica', 'Conjunto cerrado', 'Esquinero', 'Terraza/Balcón balcón', 'Vigilancia 24hrs', 'Salón comunal', 'Sendero peatonal', 'Zona de BBQ', 'Zona para niños', 'Zonas verdes', 'Cerca parques', 'Cerca supermercados', 'Cerca transporte público', 'Sobre vía secundaria']",1,0,1,0,1,0,1,0,0,1,1,1,0,1,1,0,0,1,1,1,0,1,0,0,0,0,1,1,1,1,0,0,1,1,0,0,1,0,0,1,0,0,1,1,0,0,0,0,0,1,1,1,1,1,0,0,0,0,1,0,0,1,2023-10-03,duitama
"Apartamento en Venta, El Solano",MC4241570,El Solano,$550.000.000,Más de 20 años,230 m²,230 m²,$603.000,"Espectacular Apartamento Penthouse!!!, ubicado en el mejor sitio de Duitama, con cercania a todos los Servicios, Parqueaderos, Supermercados, Colegios, Centros Comerciales, Transporte, etc. Excelentes acabados en madera maciza, en los pisos, closets, puertas. El baño de la Alcoba Pppal cuenta con tina. Amplia Zona de Ropas, Terraza cubierta de uso Exclusivo. Muy buena iluminacion, cocina con excelentes acabados, vigilancia privada las 24 horas del dia, ",4,5,3,"['Baño auxiliar', 'Características del parqueadero cubierto', 'Chimenea', 'Citófonos', 'Cocina integral', 'Cuarto de servicio', 'Estudio o biblioteca', 'Piso en madera', 'Vigilancia', 'Zona de lavandería', 'Piso 6', 'Tipo de parqueadero propio', 'Ascensor', 'Baños de servicio', 'Parqueadero visitantes', 'Con terraza', 'Conjunto cerrado', 'Portería', 'Salón comunal', 'Cerca centros comerciales', 'Cerca colegios / universidades', 'Cerca parques', 'Cerca supermercados', 'Cerca transporte público', 'Ubicado en edificio', 'Zona campestre', 'Zona comercial', 'Zona residencial']","['Baño auxiliar', 'Características del parqueadero cubierto', 'Chimenea', 'Citófonos', 'Cocina integral', 'Cuarto de servicio', 'Estudio o biblioteca', 'Piso en madera', 'Vigilancia', 'Zona de lavandería', 'Piso 6', 'Tipo de parqueadero propio', 'Ascensor', 'Baños de servicio', 'Parqueadero visitantes', 'Con terraza', 'Conjunto cerrado', 'Portería', 'Salón comunal', 'Cerca centros comerciales', 'Cerca colegios / universidades', 'Cerca parques', 'Cerca supermercados', 'Cerca transporte público', 'Ubicado en edificio', 'Zona campestre', 'Zona comercial', 'Zona residencial']",0,1,1,1,0,1,1,1,1,0,1,0,0,1,0,1,0,0,1,0,0,1,0,0,0,0,0,0,0,1,0,1,1,0,0,0,1,0,1,0,1,1,0,0,1,0,0,1,1,0,0,1,1,0,1,0,1,0,0,0,0,0,2023-10-03,duitama
"Apartamento en Venta, Multifamiliar Margarita Suarez Ureña",15953-M4571329,Multifamiliar Margarita Suarez Ureña,$140.000.000,Entre 10 y 20 años,64.19 m²,64.19 m²,$152.000,"Excelente apartamento, en conjunto cerrado. Cerca a la avenida las Américas. Transporte permanente en el sector.",3,3,2,"['Tipo de cortinas ninguna', 'Hall de alcobas', 'Zona de lavandería', 'Instalación de gas natural', 'Closets 2', 'Piso 3', 'Calentador no tiene', 'Tipo de cocina abierta', 'Tipo de comedor sala comedor', 'Deposito 0', 'Tipo de estufa gas', 'Tipo de parqueadero comunal', 'Vista exterior', 'Conjunto cerrado', 'Número de Ascensores 0', 'Terraza/Balcón ninguno', 'Vigilancia 24hrs', 'Sobre vía secundaria']","['Tipo de cortinas ninguna', 'Hall de alcobas', 'Zona de lavandería', 'Instalación de gas natural', 'Closets 2', 'Piso 3', 'Calentador no tiene', 'Tipo de cocina abierta', 'Tipo de comedor sala comedor', 'Deposito 0', 'Tipo de estufa gas', 'Tipo de parqueadero comunal', 'Vista exterior', 'Conjunto cerrado', 'Número de Ascensores 0', 'Terraza/Balcón ninguno', 'Vigilancia 24hrs', 'Sobre vía secundaria']",1,0,0,0,0,0,0,0,0,1,0,0,0,1,0,0,0,1,0,0,1,0,0,0,0,0,0,1,0,1,0,0,0,0,0,0,0,0,0,0,0,0,0,0,0,0,0,0,0,0,0,1,0,1,1,0,0,1,0,0,1,1,2023-10-03,duitama
"Apartamento en Venta, Colombia",2882-M4433284,Colombia,$380.000.000,Entre 0 y 5 años,102 m²,95 m²,$180.000,"Espectacular apartamento duplex en venta. El primer nivel cuenta con 3 habitaciones con closet, principal con baño privado, estudio, baño familiar. El segundo nivel tiene sala comedor, cocina integral a gas, zona de ropas, baño social y terraza. Además consta de garaje cubierto y despósito, tiene muy buena iluminación y se puede acceder al apartamento por cualquiera de los dos niveles. Se encuentra en el último piso del edificio, que es inteligente y la seguridad es electrónica, tiene videoportero, salón comunal, terraza BBQ y 3 parqueaderos de visitantes.
",3,3,3,"['Chimenea', 'Citófonos', 'Cocina integral', 'Tipo de cortinas persianas', 'Estudio o biblioteca', 'Parqueadero cubierto', 'Hall de alcobas', 'Puerta seguridad', 'Zona de lavandería', 'Instalación de gas natural', 'Closets 4', 'Piso 6', 'Calentador gas', 'Tipo de comedor sala comedor', 'Deposito 1', 'Tipo de estufa gas', 'Tipo de parqueadero propio', 'Tipo acabado de piso laminado', 'Tipo de piso en alcobas laminado', 'Tipo de piso en comedor laminado', 'Tipo de piso en estudio laminado', 'Tipo de piso en sala laminado', 'Vista exterior', 'Area Terraza/Balcón 10 m²', 'Ascensor', 'Circuito cerrado de TV', 'Parqueadero visitantes', 'Vista panorámica', 'Conjunto cerrado', 'Número de Ascensores 1', 'Terraza/Balcón terraza', 'Salón comunal', 'Zona de BBQ', 'Zonas verdes', 'Cerca colegios / universidades', 'Sobre vía secundaria', 'Zona residencial']","['Chimenea', 'Citófonos', 'Cocina integral', 'Tipo de cortinas persianas', 'Estudio o biblioteca', 'Parqueadero cubierto', 'Hall de alcobas', 'Puerta seguridad', 'Zona de lavandería', 'Instalación de gas natural', 'Closets 4', 'Piso 6', 'Calentador gas', 'Tipo de comedor sala comedor', 'Deposito 1', 'Tipo de estufa gas', 'Tipo de parqueadero propio', 'Tipo acabado de piso laminado', 'Tipo de piso en alcobas laminado', 'Tipo de piso en comedor laminado', 'Tipo de piso en estudio laminado', 'Tipo de piso en sala laminado', 'Vista exterior', 'Area Terraza/Balcón 10 m²', 'Ascensor', 'Circuito cerrado de TV', 'Parqueadero visitantes', 'Vista panorámica', 'Conjunto cerrado', 'Número de Ascensores 1', 'Terraza/Balcón terraza', 'Salón comunal', 'Zona de BBQ', 'Zonas verdes', 'Cerca colegios / universidades', 'Sobre vía secundaria', 'Zona residencial']",0,0,1,1,0,1,0,0,0,1,1,0,0,0,1,1,0,1,1,0,0,0,0,0,0,0,0,1,0,1,0,1,0,0,0,1,1,0,0,1,1,0,0,1,0,0,0,0,0,1,1,1,0,1,1,0,0,1,1,1,0,1,2023-10-03,duitama
"Lote o Casalote en Venta, Altos de San Jorge",5483-M2567926,Altos de San Jorge,$40.000.000,Entre 0 y 5 años,75 m²,75 m²,,"Vendo excelentes lotes N.1, 2,en Altos de San Jorge en Duitama. Ubicados a pocas cuadras de la Iglesia San Miguel Arcangel, Terminal de Transportes y de la Villa Olímpica. Ideal para construir casa o vivienda bifamiliar. Cuenta con servicio de agua y luz, próximamente gas. Invierte en Boyacá, vive en Duitama. Informes OLGA MARINO. ",2,,,"['Ancho 6 m', 'Fondo 12.50 m', 'Tipo de lote lote vacío', 'Area lote 75 m²', 'Esquinero', 'Cerca transporte público', 'Sobre vía secundaria']","['Ancho 6 m', 'Fondo 12.50 m', 'Tipo de lote lote vacío', 'Area lote 75 m²', 'Esquinero', 'Cerca transporte público', 'Sobre vía secundaria']",0,0,0,0,0,0,0,0,0,0,0,0,0,0,0,0,0,0,0,0,0,0,0,0,0,0,0,0,0,0,0,0,0,0,0,0,0,0,0,0,0,0,0,0,0,1,0,0,0,0,0,0,1,1,0,0,0,0,0,0,0,0,2023-10-03,duitama
"Casa en Venta, La esperanza ",MC4588500,la esperanza ,$285.000.000,Entre 0 y 5 años,200 m²,210 m²,1,"¿Maravillosas casas en venta, ubicadas en la perla de Boyacá¿ ¿URBANIZACION ALIANZA ELITE¿¿ ¿Ubicado en el Barrio La Esperanza ¿Área de 145 m cuadrados y 55 m cuadrados de terraza ¿Actualmente está en obra blanca ¿Se entrega totalmente terminada al gusto del cliente.                              ¿¿URBANIZACION ALIANZA ELITE. ¿tres habitaciones  ¿tres baños ¿Sala comedor  ¿Estudio ¿Zona de lavado  ¿Terraza techada  ¿Balcón ¿Parqueadero privado ¿Cocina integral ¿tres pisos. Agenda tu cita ",3,3,3,"['Baño auxiliar', 'Características del parqueadero cubierto', 'Alarma', 'Cocina integral', 'Estudio o biblioteca', 'Piso en baldosa', 'Zona de lavandería', 'Piso 3', 'Patio', 'Tipo de parqueadero propio', 'Zonas verdes', 'Cerca colegios / universidades', 'Cerca parques', 'Cerca supermercados', 'Cerca transporte público', 'Zona comercial', 'Zona residencial']","['Baño auxiliar', 'Características del parqueadero cubierto', 'Alarma', 'Cocina integral', 'Estudio o biblioteca', 'Piso en baldosa', 'Zona de lavandería', 'Piso 3', 'Patio', 'Tipo de parqueadero propio', 'Zonas verdes', 'Cerca colegios / universidades', 'Cerca parques', 'Cerca supermercados', 'Cerca transporte público', 'Zona comercial', 'Zona residencial']",0,0,0,1,0,1,1,1,0,0,0,0,1,0,1,0,1,0,1,0,0,0,0,0,0,0,0,0,0,1,0,1,1,0,0,0,0,0,0,0,1,1,0,0,1,0,0,0,0,0,0,0,1,0,0,0,0,0,0,0,1,0,2023-10-03,duitama
"Casa en Venta, AV LAS AMERICAS",11295-M3608058,AV LAS AMERICAS,$753.228.915,Más de 20 años,465 m²,465 m²,,"En venta, una amplia casa de 3 niveles con mezanine y ascensor industrial, ubicada sobre la transitada Avenida Las Américas, en un sector comercial de alto tráfico vehicular y peatonal. La propiedad cuenta con todos los servicios, luz trifásica y una excelente iluminación. En el primer nivel, hay un área de atención al cliente con una oficina, un punto de servicio, ascensor y baño. En el segundo nivel, se encuentra un mezanine con otra oficina y baño. En el tercer nivel, hay un amplio espacio para inventario y en el último nivel, un apartamento de 3 habitaciones con closet, 2 baños, cocina, patio de ropas y un luminoso espacio con vista a la avenida. La propiedad se encuentra a 5 minutos del centro, la funeraria y en un sector comercial con restaurantes, tiendas de autos, papelerías y supermercados ARA. Contáctanos para más información y programar una visita.",3,3,3,"['Zona de lavandería', 'Tipo de casa tradicional']","['Zona de lavandería', 'Tipo de casa tradicional']",0,0,0,0,0,0,0,0,0,0,0,0,0,0,0,0,0,0,0,0,0,0,0,0,0,0,0,0,0,1,0,0,0,0,1,0,0,0,0,0,0,0,0,0,0,0,0,0,0,0,0,0,0,0,0,0,0,0,0,0,0,0,2023-10-03,duitama
"Casa en Venta, AV LAS AMÉRICAS",11295-M3475336,AV LAS AMÉRICAS,$753.228.915,Más de 20 años,465 m²,465 m²,,"En venta, una amplia casa de 3 niveles con mezanine y ascensor industrial, ubicada sobre la transitada Avenida Las Américas, en un sector comercial de alto tráfico vehicular y peatonal. La propiedad cuenta con todos los servicios, luz trifásica y una excelente iluminación. En el primer nivel, hay un área de atención al cliente con una oficina, un punto de servicio, ascensor y baño. En el segundo nivel, se encuentra un mezanine con otra oficina y baño. En el tercer nivel, hay un amplio espacio para inventario y en el último nivel, un apartamento de 3 habitaciones con closet, 2 baños, cocina, patio de ropas y un luminoso espacio con vista a la avenida. La propiedad se encuentra a 5 minutos del centro, la funeraria y en un sector comercial con restaurantes, tiendas de autos, papelerías y supermercados ARA. Contáctanos para más información y programar una visita.",3,3,3,"['Tipo de casa tradicional', 'Deposito 1', 'Area lote 465 m²']","['Tipo de casa tradicional', 'Deposito 1', 'Area lote 465 m²']",0,0,0,0,0,0,0,0,0,0,0,0,0,0,0,0,0,0,0,0,0,0,0,0,0,0,0,0,0,0,0,0,0,0,1,1,0,0,0,0,0,0,0,0,0,0,0,0,0,0,0,0,0,0,0,0,0,0,0,0,0,0,2023-10-03,duitama
"Apartamento en Venta, CENTRO",5483-M3579519,CENTRO,$430.000.000,Entre 5 y 10 años,133 m²,133 m²,$330.000,"VENDO ESPECTACULAR APARTAMENTO EN DUITAMA. 111 m2 de área privada + 15 m2 de terraza privada + 35 m2 de terraza común de uso exclusivo + balcón, con excelente iluminación natural, la terraza rodea el apartamento. 3 habitaciones, la principal con baño, estar de tv o estudio, sala, comedor, cocina abierta, patio de ropas, 1 garaje cubierto + depósito, salón social, sala de juegos, ascensor, vigilancia 24 horas. A media cuadra del Parque e Iglesia El Cármen, a 2 cuadras del Parque principal Los Libertadores e Iglesia Catedral, igual que a los bancos, notarías y Alcaldía, cerca a supermercados, comercio y colegios. ",4,3,3,"['Apto para niños', 'Tipo de cortinas ninguna', 'Parqueadero cubierto', 'Hall de alcobas', 'Zona de lavandería', 'Instalación de gas natural', 'Closets 3', 'Piso 7', 'Se permite fumar', 'Calentador gas', 'Tipo de cocina abierta', 'Tipo de comedor sala comedor', 'Deposito 1', 'Tipo de estufa mixta', 'Tipo de parqueadero independiente', 'Tipo acabado de piso porcelanato', 'Tipo de piso en alcobas porcelanato', 'Tipo de piso en comedor porcelanato', 'Tipo de piso en estudio porcelanato', 'Tipo de piso en sala porcelanato', 'Vista exterior', 'Area Terraza/Balcón 35 m²', 'Ascensor', 'Acceso para discapacitados', 'Conjunto cerrado', 'Número de Ascensores 1', 'Terraza/Balcón terraza', 'Zona de BBQ', 'Cerca centros comerciales', 'Cerca parques', 'Cerca supermercados', 'Cerca transporte público', 'Sobre vía secundaria']","['Apto para niños', 'Tipo de cortinas ninguna', 'Parqueadero cubierto', 'Hall de alcobas', 'Zona de lavandería', 'Instalación de gas natural', 'Closets 3', 'Piso 7', 'Se permite fumar', 'Calentador gas', 'Tipo de cocina abierta', 'Tipo de comedor sala comedor', 'Deposito 1', 'Tipo de estufa mixta', 'Tipo de parqueadero independiente', 'Tipo acabado de piso porcelanato', 'Tipo de piso en alcobas porcelanato', 'Tipo de piso en comedor porcelanato', 'Tipo de piso en estudio porcelanato', 'Tipo de piso en sala porcelanato', 'Vista exterior', 'Area Terraza/Balcón 35 m²', 'Ascensor', 'Acceso para discapacitados', 'Conjunto cerrado', 'Número de Ascensores 1', 'Terraza/Balcón terraza', 'Zona de BBQ', 'Cerca centros comerciales', 'Cerca parques', 'Cerca supermercados', 'Cerca transporte público', 'Sobre vía secundaria']",0,0,0,0,1,0,1,0,0,0,0,0,0,0,0,0,0,1,0,1,1,0,0,0,0,0,0,1,0,1,0,0,1,0,0,1,0,0,0,0,0,0,1,1,0,0,0,0,0,1,0,1,1,1,1,0,1,1,1,1,0,1,2023-10-03,duitama
"Casa en Venta, Centro",MC4589774,centro,$1.600.000.000,Más de 20 años,402 m²,402 m²,,"Oportunidad de inversión Casa Esquinera Ubicada a 2 cuadras de la plaza central de Duitama en excelente sector comercial, sobre vía principal.  Ubicada en Cra  Cuenta actualmente con:  construidos   - 2 Apartamentos listos para remodelar (En total cuentan con 8 habitaciones y 3 baños)  - 3 locales comerciales   - azotea   Gran oportunidad para un centro comercial, oficinas o edificios residenciales.  ",3,5,3,"['Cuarto de servicio', 'Piso 4', 'Patio', 'Depósito o cuarto útil', 'Zona comercial']","['Cuarto de servicio', 'Piso 4', 'Patio', 'Depósito o cuarto útil', 'Zona comercial']",0,0,0,0,0,0,0,0,0,0,0,0,0,0,0,0,1,0,0,0,0,1,0,0,0,0,0,0,0,0,0,0,0,0,0,0,0,0,0,0,0,1,0,0,0,0,0,0,0,0,0,0,0,0,0,1,0,0,0,0,0,0,2023-10-03,duitama
"Local Comercial en Venta, Maria Auxiliadora",10151-M3570359,Maria Auxiliadora,$753.228.915,Entre 10 y 20 años,133 m²,133 m²,,"815-2917 D.C COLOMBIA S.A.S Vende amplio local de 4 pisos, cuenta con 4 baños privados, uno social, cocina semi integral, dos habitaciones yo 4 oficinas, esta ubicado en la calle principal novena de la ciudad de Duitama, sector urbano, calles en buen estado y un alto flujo de comercio. Area construida 133.00 Mt2, area terreno 465.00 Mt2.",3,,4,[],[],0,0,0,0,0,0,0,0,0,0,0,0,0,0,0,0,0,0,0,0,0,0,0,0,0,0,0,0,0,0,0,0,0,0,0,0,0,0,0,0,0,0,0,0,0,0,0,0,0,0,0,0,0,0,0,0,0,0,0,0,0,0,2023-10-03,duitama
"Apartamento en Venta, Sevilla",10159-M4203983,Sevilla,$175.000.000,Entre 5 y 10 años,64.8 m²,63 m²,$60.000,"Código 6468FR380 Excelente oportunidad de adquirir apartamento en la ciudad de Duitama, con fácil acceso de transporte público, el conjunto cuenta con vigilancia privada, circuito de cámaras, zonas verdes, parque infantil, salón social, zona de BBQ, cancha de baloncesto, cancha de futbol, Capilla de oración dentro del conjunto, GYM a campo abierto y parqueadero para visitantes, este apartamento consta de tres alcobas, dos baños, cocina semi-integral, sala-comedor, zona de lavandería y tiene derecho a un parqueadero asignado no incluido en la escritura, se entrega encortinado.

Quieres obtener más información, contáctanos para ayudarte a elegir el espacio que buscas…
",2,3,2,"['Calefacción', 'Citófonos', 'Comedor auxiliar', 'Hall de alcobas', 'Vigilancia', 'Zona de lavandería', 'Piso 4', 'Tipo acabado de piso cerámica', 'Circuito cerrado de TV', 'Parqueadero visitantes', 'Vista panorámica', 'Conjunto cerrado', 'Portería', 'Cancha(s) de basket', 'Cancha(s) de fútbol', 'Gimnasio', 'Salón comunal', 'Zona de BBQ', 'Zona para niños', 'Zonas verdes', 'Cerca colegios / universidades', 'Cerca parques', 'Cerca transporte público', 'Sobre vía principal', 'Zona campestre', 'Zona residencial']","['Calefacción', 'Citófonos', 'Comedor auxiliar', 'Hall de alcobas', 'Vigilancia', 'Zona de lavandería', 'Piso 4', 'Tipo acabado de piso cerámica', 'Circuito cerrado de TV', 'Parqueadero visitantes', 'Vista panorámica', 'Conjunto cerrado', 'Portería', 'Cancha(s) de basket', 'Cancha(s) de fútbol', 'Gimnasio', 'Salón comunal', 'Zona de BBQ', 'Zona para niños', 'Zonas verdes', 'Cerca colegios / universidades', 'Cerca parques', 'Cerca transporte público', 'Sobre vía principal', 'Zona campestre', 'Zona residencial']",0,0,0,0,0,1,0,0,1,0,1,0,0,1,1,1,0,1,0,0,0,0,0,0,0,1,0,0,1,1,0,0,1,1,0,0,1,0,1,1,1,0,0,1,0,0,0,0,0,0,1,1,1,0,0,0,0,0,0,0,0,0,2023-10-03,duitama
"Lote o Casalote en Venta, Trinidad",15353-M4471556,Trinidad,$470.000.000,Entre 0 y 5 años,3150 m²,3200 m²,,"verentupredy.com Lote en venta, para la construcción de una vivienda tipo campestre, la localidad es muy tranquila y segura. El lote tiene un cerco con malla metálica, a sus alrededores tiene filtros frances para evitar inundaciones. El terreno es plano y de ripio. verengooglemaps
",3,,,"['Tipo de lote lote vacío', 'Area lote 3200 m²', 'Acceso para discapacitados', 'Cerca supermercados', 'Cerca transporte público']","['Tipo de lote lote vacío', 'Area lote 3200 m²', 'Acceso para discapacitados', 'Cerca supermercados', 'Cerca transporte público']",0,0,0,0,0,0,1,0,0,0,0,0,0,0,0,0,0,0,0,0,0,0,0,0,0,0,0,0,0,0,0,0,0,0,0,0,0,0,0,0,0,0,1,0,0,1,0,0,0,0,0,0,1,0,0,0,0,0,0,0,0,0,2023-10-03,duitama
"Apartamento en Venta, La Esperanza",5105-M4147823,La Esperanza,$165.000.000,Más de 20 años,90 m²,90 m²,$204.000,"Hermoso apto exterior muy iluminado, con 3 alcobas 2 baños, amplios espacios, con garaje cubierto, estrato 4 pero alrededor, estrato 4.

Excelente ubicación a tan solo 3 cuadras de la carretera ppal hacia Paipa , Tunja y Bogota, a pocas cuadras del Hospital de Duitama y de la Terminal de Transportes",3,3,2,"['Citófonos', 'Tipo de cortinas ninguna', 'Cuarto de servicio', 'Parqueadero cubierto', 'Zona de lavandería', 'Instalación de gas natural', 'Closets 3', 'Piso 2', 'Calentador no tiene', 'Tipo de cocina en u', 'Tipo de comedor sala comedor', 'Deposito 0', 'Tipo de estufa gas', 'Tipo de parqueadero propio', 'Tipo acabado de piso baldosa', 'Vista exterior', 'Circuito cerrado de TV', 'Conjunto cerrado', 'Número de Ascensores 0', 'Vigilancia 24hrs', 'Salón comunal', 'Zona para niños', 'Cerca parques', 'Cerca supermercados', 'Cerca transporte público', 'Sobre vía secundaria']","['Citófonos', 'Tipo de cortinas ninguna', 'Cuarto de servicio', 'Parqueadero cubierto', 'Zona de lavandería', 'Instalación de gas natural', 'Closets 3', 'Piso 2', 'Calentador no tiene', 'Tipo de cocina en u', 'Tipo de comedor sala comedor', 'Deposito 0', 'Tipo de estufa gas', 'Tipo de parqueadero propio', 'Tipo acabado de piso baldosa', 'Vista exterior', 'Circuito cerrado de TV', 'Conjunto cerrado', 'Número de Ascensores 0', 'Vigilancia 24hrs', 'Salón comunal', 'Zona para niños', 'Cerca parques', 'Cerca supermercados', 'Cerca transporte público', 'Sobre vía secundaria']",1,0,0,0,0,0,1,0,0,1,1,0,0,1,0,0,0,0,0,0,1,1,1,0,0,0,0,1,1,1,0,1,1,0,0,0,1,0,0,1,0,0,0,0,0,0,0,0,0,0,0,1,1,1,1,0,0,1,1,0,0,1,2023-10-03,duitama
"Lote o Casalote en Venta, CALLE 3",11295-M3794547,CALLE 3,$230.000.000,Entre 0 y 5 años,0 m²,560 m²,,"lote amplio semiplano de uso comercial. residencial e industrial  se puede vender el lote parcial o lotearlos por más pequeños, en un secto cerca a la zona comercial educativa e industrial.",3,,,['Tipo de lote lote vacío'],['Tipo de lote lote vacío'],0,0,0,0,0,0,0,0,0,0,0,0,0,0,0,0,0,0,0,0,0,0,0,0,0,0,0,0,0,0,0,0,0,0,0,0,0,0,0,0,0,0,0,0,0,1,0,0,0,0,0,0,0,0,0,0,0,0,0,0,0,0,2023-10-03,duitama
"Casa en Venta, Vereda quebradas de becerra ",MC4564075,vereda quebradas de becerra ,$950.000.000,Entre 5 y 10 años,239.5 m²,1000 m²,$431.000,"casa de dos pisos, con 4 habitaciones cada una con baño, star de tv, cocina integral, sala, comedor, zona verde, la alcoba principal con vestier, terraza, dos balcones",2,4,5,"['Baño auxiliar', 'Características del parqueadero descubierto', 'Alarma', 'Chimenea', 'Citófonos', 'Cocina tipo americano', 'Cocina integral', 'Estudio o biblioteca', 'Piso en baldosa', 'Piso en madera', 'Vigilancia', 'Zona de lavandería', 'Piso 2', 'Tipo de parqueadero propio', 'Baños de servicio', 'Jardín', 'Parqueadero visitantes', 'Conjunto cerrado', 'Portería', 'Cancha(s) de fútbol', 'Cancha(s) de tennis', 'Salón comunal', 'Zonas verdes', 'Cerca transporte público', 'Zona campestre']","['Baño auxiliar', 'Características del parqueadero descubierto', 'Alarma', 'Chimenea', 'Citófonos', 'Cocina tipo americano', 'Cocina integral', 'Estudio o biblioteca', 'Piso en baldosa', 'Piso en madera', 'Vigilancia', 'Zona de lavandería', 'Piso 2', 'Tipo de parqueadero propio', 'Baños de servicio', 'Jardín', 'Parqueadero visitantes', 'Conjunto cerrado', 'Portería', 'Cancha(s) de fútbol', 'Cancha(s) de tennis', 'Salón comunal', 'Zonas verdes', 'Cerca transporte público', 'Zona campestre']",0,0,1,1,0,0,0,0,1,0,1,0,1,1,1,1,0,0,1,0,0,0,1,1,0,0,1,0,0,1,0,1,0,0,0,0,1,0,1,0,0,0,0,0,1,0,0,1,1,0,0,1,1,0,0,0,0,0,0,0,0,0,2023-10-03,duitama
"Casa en Venta, Quintas de la esperanza",MC4581109,quintas de la esperanza,$290.000.000,Más de 20 años,108.98 m²,108.98 m²,1,"BIEN UBICADO , EXCELENTE PARA LOS NIÑOS. SEGURIDAD 24 HORAS ",3,4,4,"['Características del parqueadero descubierto', 'Chimenea', 'Citófonos', 'Cocina integral', 'Piso en madera', 'Piso 3', 'Patio', 'Tipo de parqueadero propio', 'Jardín', 'Parqueadero visitantes', 'Conjunto cerrado', 'Portería', 'Cancha(s) de fútbol', 'Salón comunal', 'Zona para niños', 'Zonas verdes', 'Cerca centros comerciales', 'Cerca colegios / universidades', 'Cerca supermercados', 'Cerca transporte público', 'Zona residencial']","['Características del parqueadero descubierto', 'Chimenea', 'Citófonos', 'Cocina integral', 'Piso en madera', 'Piso 3', 'Patio', 'Tipo de parqueadero propio', 'Jardín', 'Parqueadero visitantes', 'Conjunto cerrado', 'Portería', 'Cancha(s) de fútbol', 'Salón comunal', 'Zona para niños', 'Zonas verdes', 'Cerca centros comerciales', 'Cerca colegios / universidades', 'Cerca supermercados', 'Cerca transporte público', 'Zona residencial']",0,0,1,1,0,1,1,0,1,0,1,0,0,0,1,1,1,0,0,0,0,0,0,0,0,0,1,0,1,0,0,1,0,0,0,0,1,0,0,0,1,0,0,0,0,0,0,0,1,0,0,1,1,0,0,0,1,0,0,0,1,0,2023-10-03,duitama
"Lote o Casalote en Venta, CAMILO TORRES",MC4567962,CAMILO TORRES,$200.000.000,0 m²,267.8 m²,,," FRENTE  EXTENSIÓN DOCE METROS CON LA CARRERA TREINTA Y SEIS  COSTADO DERECHO ENTRANDO, EN EXTENSIÓN VEINTE CUATRO METROS LINEALES , LOTES NO SEIS Y TRES. FONDO EXTENSIÓN DOCE PUNTO CUATRO METROS LINEALES. POR EL ÚLTIMO COSTADO EN EXTENSIÓN  VEINTE Y UNO  METROS LINEALES LOTE NO. NUEVE SIN SERVICIOS. LIBRE DE CUALQUIER GRAVAMEN  O HIPOTECAS",2,,,['Piso 00'],['Piso 00'],0,0,0,0,0,0,0,0,0,0,0,0,0,0,0,0,0,0,0,0,0,0,0,0,0,0,0,0,0,0,0,0,0,0,0,0,0,0,0,0,0,0,0,0,0,0,0,0,0,0,0,0,0,0,0,0,0,0,0,0,0,0,2023-10-03,duitama
Apartamento en Venta,11295-M3276005,,$238.500.000,Entre 5 y 10 años,86 m²,86 m²,$186.000,"Apartamento ubicado en el Conjunto Residencial Altos de Tundama, cuenta con 3 habitaciones con closet, la principal con baño privado y espacio exterior, baño social, sala con chimenea, zona de ropas, cocina integral , sala-comedor. Cerca la Avenida Circunvalar (carrera 31); próximo a la  Universidad Antonio Nariño; la Clínica Boyacá y al sector comercial  Además cuenta con  ascensor; zonas verdes; parque  infantil;  piscina y zona de descanso; salón comunal ",4,3,2,"['Zona de lavandería', 'Piso 2', 'Conjunto cerrado']","['Zona de lavandería', 'Piso 2', 'Conjunto cerrado']",0,0,0,0,0,0,0,0,0,0,0,0,0,0,0,0,0,0,0,0,0,0,1,0,0,0,0,0,0,1,0,0,0,0,0,0,0,0,0,0,0,0,0,0,0,0,0,0,0,0,0,1,0,0,0,0,0,0,0,0,0,0,2023-10-03,duitama
"Casa en Venta, Duitama",488-M4274521,Duitama,$370.000.000,Entre 0 y 5 años,102 m²,102 m²,1,"Venta Casa en Conjunto Cerrado, Moderna en Duitama, Boyaca, Tres niveles, 1 -Nivel Sala, Comedor Cocina Integral, Patio y Baño social. 2- Nivel 2 Habitaciones con Closet, Cuarto de Estudio, Baño y Balcon. 3 - Nivel Amplia Habitacion Principal, Baño , Tina y Balcon.",3,3,3,"['Calentador no tiene', 'Tipo acabado de piso baldosa', 'Area lote 102 m²']","['Calentador no tiene', 'Tipo acabado de piso baldosa', 'Area lote 102 m²']",0,0,0,0,0,0,0,0,0,0,0,0,0,0,0,0,0,0,0,0,0,0,0,0,0,0,0,0,0,0,0,0,0,0,0,0,0,0,0,0,0,0,0,0,0,0,0,0,0,0,0,0,0,0,0,0,0,0,0,0,0,0,2023-10-03,duitama
Apartamento en Venta,11295-M3271463,,$236.000.000,Entre 5 y 10 años,82 m²,82 m²,,"Apartamento ubicado en el Conjunto Residencial Altos de Tundama, con balcón en la sala, con 3 habitaciones con closets y una con baño privado con balcón respectivamente, cocina integral, patio  Cerca la Avenida Circunvalar (carrera 31); próximo a la  Universidad Antonio Nariño; la Clínica Boyacá y al sector comercial  Además cuenta con  ascensor; zonas verdes; parque  infantil;  piscina y zona de descanso; salón comunal ",4,3,2,"['Zona de lavandería', 'Piso 2', 'Conjunto cerrado']","['Zona de lavandería', 'Piso 2', 'Conjunto cerrado']",0,0,0,0,0,0,0,0,0,0,0,0,0,0,0,0,0,0,0,0,0,0,1,0,0,0,0,0,0,1,0,0,0,0,0,0,0,0,0,0,0,0,0,0,0,0,0,0,0,0,0,1,0,0,0,0,0,0,0,0,0,0,2023-10-03,duitama
"Apartamento en Venta, LA FLORESTA",11295-M3471648,LA FLORESTA,$243.600.000,Entre 10 y 20 años,72 m²,72 m²,$202.846,"Apartamento ubicado cerca al Hospital , la Universidad Antonio Nariño a zonas comerciales de 72.6 mts2 consta de: 2 habitaciones con closet, un con baño privado, un baño social, sala comedor amplia con espacio exclusivo (balcón) cocina integral con barra, zona de lavandería. El conjunto cuenta con zonas verdes, parque infantil, salón social y piscina.",3,2,2,"['Zona de lavandería', 'Piso 0', 'Deposito 1', 'Conjunto cerrado']","['Zona de lavandería', 'Piso 0', 'Deposito 1', 'Conjunto cerrado']",0,0,0,0,0,0,0,0,0,0,0,0,0,0,0,0,0,0,0,0,0,0,0,0,0,0,0,0,0,1,0,0,0,0,0,1,0,0,0,0,0,0,0,0,0,0,0,0,0,0,0,1,0,0,0,0,0,0,0,0,0,0,2023-10-03,duitama
"Lote o Casalote en Venta, San Luis ",MC4557482,San Luis ,$130.000.000,639 m²,639 m²,,,"Lote Rural en la vereda San Luis del Municipio de Duitama ubicado por la Transversal  19 vía Duitama -Santa Rosa de Viterbo tiene aljibe propio y es tierra para sembrar, también se puede construir. Cuenta con los beneficios de la paz y tranquilidad que da una ubicación rural o campestre, pero muy cerca del casco urbano del municipio de Duitama, una de las principales poblaciones del departamento de Boyacá.  La distancia entre la entrada al lote y la vía urbana es aproximadamente a menos de 5 min",1,,,"['Fondo 639 m', 'Lote vacio', 'Piso 1', 'Zonas verdes', 'Linda con rio o quebrada']","['Fondo 639 m', 'Lote vacio', 'Piso 1', 'Zonas verdes', 'Linda con rio o quebrada']",0,0,0,0,0,0,0,0,0,0,0,0,0,0,1,0,0,0,0,0,0,0,0,0,1,0,0,0,0,0,0,0,0,0,0,0,0,1,0,0,0,0,0,0,0,0,0,0,0,0,0,0,0,0,0,0,0,0,0,0,0,0,2023-10-03,duitama
"Local Comercial en Venta, Solano",10278-M4042338,Solano,$305.000.000,Entre 0 y 5 años,21.61 m²,21.61 m²,,"Se vende local comercial esquinero nuevo, con un área de 21,61m2 más un parqueadero. El local se encuentra ubicado en la entrada 3 del pasaje Comercial Solano Actualmente el local se encuentra rentando con la posibilidad de cesión de contrato.
El pasaje Comercial Solano se encuentra ubicado a unos pasos del centro comercial Innovo, el cuál cuenta con 2 niveles más un semisótano para parqueo de vehículos y depósitos. El primer nivel cuenta con locales comerciales con áreas entre 10 y 28 m2 aproximadamente, islas comerciales con áreas promedio de 4 m2 y zona para cafés. El tercer nivel cuenta con un local de gran formato destinado para salas de cine, un casino, 33 islas desde 4 m2, 5 locales para comida con plazoleta y 21 locales comerciales entre los 10 y 26 m2.
Es una excelente oportunidad de inversión con buena rentabilidad.",5,,,"['Número de local 1', 'Piso 1', 'Tipo de local en centro comercial', 'Vista exterior', 'Ascensor', 'Circuito cerrado de TV', 'Número de Ascensores 1', 'Vigilancia 24hrs', 'Cerca centros comerciales', 'Cerca colegios / universidades', 'Cerca parques', 'Cerca supermercados', 'Cerca transporte público', 'Sobre vía principal']","['Número de local 1', 'Piso 1', 'Tipo de local en centro comercial', 'Vista exterior', 'Ascensor', 'Circuito cerrado de TV', 'Número de Ascensores 1', 'Vigilancia 24hrs', 'Cerca centros comerciales', 'Cerca colegios / universidades', 'Cerca parques', 'Cerca supermercados', 'Cerca transporte público', 'Sobre vía principal']",1,0,0,0,0,1,1,0,0,0,0,0,0,1,0,0,0,0,0,0,0,0,0,0,0,1,0,0,0,0,0,0,1,0,0,0,0,1,0,1,0,0,0,0,0,0,0,0,0,0,0,0,1,0,1,0,1,0,0,1,0,1,2023-10-03,duitama
"Casa en Venta, Libertador",MC4598488,Libertador,$500.000.000,Entre 0 y 5 años,250 m²,250 m²,2,"En venta! espectacular casa para estrenar con AMPLIOS ESPACIOS y EXCELENTES ACABADOS de 3 niveles. Cuenta con 3 HABITACIONES, 3 baños, parqueadero para 2 vehículos con apertura eléctrica, terraza y balcón en habitación principal, terraza y zona de ropas. UBICADA EN CONJUNTO CERRADO, SECTOR TRANQUILO y RENOVADO de ACTUAL VALORIZACIÓN, SECTOR COLEGIO CALASANZ.",3,3,3,"['Baño auxiliar', 'Características del parqueadero cubierto', 'Citófonos', 'Cocina tipo americano', 'Cocina integral', 'Piso en madera', 'Piso en porcelanato', 'Zona de lavandería', 'Piso 3', 'Patio', 'Tipo de parqueadero propio', 'Conjunto cerrado', 'Cerca colegios / universidades', 'Cerca supermercados', 'Cerca transporte público', 'Zona residencial']","['Baño auxiliar', 'Características del parqueadero cubierto', 'Citófonos', 'Cocina tipo americano', 'Cocina integral', 'Piso en madera', 'Piso en porcelanato', 'Zona de lavandería', 'Piso 3', 'Patio', 'Tipo de parqueadero propio', 'Conjunto cerrado', 'Cerca colegios / universidades', 'Cerca supermercados', 'Cerca transporte público', 'Zona residencial']",0,0,0,1,0,1,1,1,0,0,1,0,0,0,0,0,1,0,0,0,0,0,0,1,0,0,0,0,0,1,0,1,0,0,0,0,0,0,0,0,1,0,0,0,1,0,1,0,1,0,0,1,1,0,0,0,0,0,0,0,1,0,2023-10-03,duitama
"Casa en Venta, Salesiano",MC4587631,Salesiano,$540.000.000,Más de 20 años,210 m²,210 m²,$100.000,Preciosa Casa Remodelada Esquinera interna en Conjunto Cerrado. Excelentes terminados. Pisos y baños en Porcelanato.  Persianas en Madera Pentagrama. Buena iluminación natural. Video Portero. A cinco cuadras de Plaza de los Libertadores. Cerca a Colegios y Centro Comercial Innovo.   ,4,3,3,"['Características del parqueadero descubierto', 'Chimenea', 'Citófonos', 'Cocina integral', 'Estudio o biblioteca', 'Piso en madera', 'Piso en porcelanato', 'Zona de lavandería', 'Piso 2', 'Patio', 'Tipo de parqueadero propio', 'Depósito o cuarto útil', 'Jardín', 'Conjunto cerrado', 'Cerca centros comerciales', 'Cerca colegios / universidades', 'Cerca parques', 'Cerca supermercados', 'Cerca transporte público', 'Zona residencial']","['Características del parqueadero descubierto', 'Chimenea', 'Citófonos', 'Cocina integral', 'Estudio o biblioteca', 'Piso en madera', 'Piso en porcelanato', 'Zona de lavandería', 'Piso 2', 'Patio', 'Tipo de parqueadero propio', 'Depósito o cuarto útil', 'Jardín', 'Conjunto cerrado', 'Cerca centros comerciales', 'Cerca colegios / universidades', 'Cerca parques', 'Cerca supermercados', 'Cerca transporte público', 'Zona residencial']",0,0,1,1,0,1,1,0,0,0,1,0,0,0,0,0,1,0,1,0,0,0,1,0,0,0,1,0,0,1,0,1,1,0,0,0,0,0,0,0,1,0,0,0,0,0,1,0,1,0,0,1,1,0,0,1,1,0,0,0,0,0,2023-10-03,duitama
"Lote o Casalote en Venta, BOCHICA",290-M4451160,BOCHICA,$420.000.000,Entre 0 y 5 años,0 m²,465 m²,,"EXCELENTE LOTE BIEN UBICADO PARA  PROYECTO DE VIVIENDA HASTA 5 PISOS O USO COMERCIAL, INSTITUCIONAL, TIPO I Y II
SE PERMUTA POR VIVIENDA EN BOGOTA BIEN UBICADA",3,,,"['Ancho 24 m', 'Fondo 33.50 m', 'Tipo de lote lote vacío', 'Area lote 465 m²', 'Acceso para discapacitados', 'Cerca centros comerciales', 'Cerca colegios / universidades', 'Cerca parques', 'Cerca supermercados', 'Cerca transporte público', 'Sobre vía secundaria']","['Ancho 24 m', 'Fondo 33.50 m', 'Tipo de lote lote vacío', 'Area lote 465 m²', 'Acceso para discapacitados', 'Cerca centros comerciales', 'Cerca colegios / universidades', 'Cerca parques', 'Cerca supermercados', 'Cerca transporte público', 'Sobre vía secundaria']",0,0,0,0,0,1,1,0,0,0,0,0,0,0,0,0,0,0,0,0,0,0,0,0,0,0,0,0,0,0,0,0,1,0,0,0,0,0,0,0,0,0,1,0,0,1,0,0,0,0,0,0,1,1,0,0,1,0,0,0,0,0,2023-10-03,duitama
"Apartamento en Venta, Vaticano",MC4596732,Vaticano,$170.000.000,Entre 0 y 5 años,67 m²,60 m²,,"Hermoso apartamento para estrenar! Esta ubicado en un sector de alta valorización, a 3 cuadras del centro comercial innovo plaza. Es un sector residencial y muy tranquilo. Consta de 3 habitaciones (2 con closeth) cocina integral (con horno, estufa y extractor de olores) , sala, comedor, zona de ropas, 2 baños. Tercer piso.",3,3,2,"['Cocina tipo americano', 'Cocina integral', 'Piso en porcelanato', 'Piso 3', 'Cerca centros comerciales', 'Cerca colegios / universidades', 'Cerca parques', 'Cerca supermercados', 'Cerca transporte público', 'Ubicado en edificio', 'Zona residencial']","['Cocina tipo americano', 'Cocina integral', 'Piso en porcelanato', 'Piso 3', 'Cerca centros comerciales', 'Cerca colegios / universidades', 'Cerca parques', 'Cerca supermercados', 'Cerca transporte público', 'Ubicado en edificio', 'Zona residencial']",0,1,0,1,0,1,1,0,0,0,0,0,0,0,0,0,0,0,0,0,0,0,0,1,0,0,0,0,0,0,0,0,1,0,0,0,0,0,0,0,1,0,0,0,0,0,1,0,0,0,0,0,1,0,0,0,1,0,0,0,1,0,2023-10-03,duitama
"Casa en Venta, Villa Inés ",MC4559429,Villa Inés ,$480.000.000,Entre 10 y 20 años,277 m²,277 m²,1,"Hermosa casa unifamiliar, cerca a colegios, tres plantas, primer piso: sala con chimenea, garaje,baño auxiliar, jardín interior, comedor, estudio, cocina, cuarto de servicio con baño, patio cubierto con policarbonato. Segundo piso: cuatro habitaciones, la principal con vestier y baño privado, sauna, Star de TV, baño auxiliar. Tercer piso: habitación con terraza, baño, terraza cubierta con policarbonato y zona de BBQ ",3,5,5,"['Características del parqueadero cubierto', 'Chimenea', 'Cocina integral', 'Cuarto de servicio', 'Estudio o biblioteca', 'Piso en baldosa', 'Sauna / turco', 'Zona de lavandería', 'Piso 3', 'Patio', 'Tipo de parqueadero propio', 'Baños de servicio', 'Depósito o cuarto útil', 'Jardín', 'Zona de BBQ', 'Cerca colegios / universidades', 'Cerca parques', 'Cerca supermercados', 'Cerca transporte público', 'Zona residencial']","['Características del parqueadero cubierto', 'Chimenea', 'Cocina integral', 'Cuarto de servicio', 'Estudio o biblioteca', 'Piso en baldosa', 'Sauna / turco', 'Zona de lavandería', 'Piso 3', 'Patio', 'Tipo de parqueadero propio', 'Baños de servicio', 'Depósito o cuarto útil', 'Jardín', 'Zona de BBQ', 'Cerca colegios / universidades', 'Cerca parques', 'Cerca supermercados', 'Cerca transporte público', 'Zona residencial']",0,0,1,1,0,1,1,1,0,0,0,0,1,0,0,0,1,0,1,0,0,1,0,0,0,0,1,0,0,1,0,1,1,0,0,0,0,0,0,0,1,0,0,1,0,0,0,1,0,0,0,0,1,0,0,1,0,0,0,0,1,0,2023-10-03,duitama
"Casa en Venta, Villa Patricia",MC4581016,Villa Patricia,$400.000.000,Más de 20 años,130 m²,130 m²,1,"Esta propiedad está convenientemente ubicada cerca de parques, colegios, tiendas y restaurantes, lo que la convierte en el lugar perfecto para establecer tu hogar.",4,3,3,"['Baño auxiliar', 'Características del parqueadero cubierto', 'Cocina tipo americano', 'Cocina integral', 'Cuarto de servicio', 'Estudio o biblioteca', 'Piso 2', 'Patio', 'Tipo de parqueadero propio', 'Cancha(s) de fútbol', 'Cerca centros comerciales', 'Cerca colegios / universidades', 'Cerca parques', 'Cerca supermercados', 'Zona comercial']","['Baño auxiliar', 'Características del parqueadero cubierto', 'Cocina tipo americano', 'Cocina integral', 'Cuarto de servicio', 'Estudio o biblioteca', 'Piso 2', 'Patio', 'Tipo de parqueadero propio', 'Cancha(s) de fútbol', 'Cerca centros comerciales', 'Cerca colegios / universidades', 'Cerca parques', 'Cerca supermercados', 'Zona comercial']",0,0,0,1,0,1,1,1,0,0,0,0,0,0,0,0,1,0,1,0,0,1,1,1,0,0,0,0,0,0,0,1,1,0,0,0,0,0,0,0,0,1,0,0,1,0,0,0,0,0,0,0,0,0,0,0,1,0,0,0,0,0,2023-10-03,duitama
"Casa en Venta, Cerro pino",MC4533433,Cerro pino,$130.000.000,Entre 10 y 20 años,70 m²,82 m²,,¿SE VENDE CASA SUPER ECONÓMICA EN DUITAMA ¿ ¿ Barrió cerró pino ¿SE RECIBE SUBSIDIO CAJA HONOR ¿  ¿Cuenta con jardín ¿  PRIMER NIVEL sola comedor Una habitación Cocina semi integral Patio de ropas Un baño SEGUNDO NÍVEL  2 habitaciones un baño,2,3,2,"['Piso en baldosa', 'Piso 2', 'Patio', 'Jardín', 'Cancha(s) de fútbol', 'Zonas verdes', 'Cerca parques', 'Cerca transporte público', 'Zona residencial']","['Piso en baldosa', 'Piso 2', 'Patio', 'Jardín', 'Cancha(s) de fútbol', 'Zonas verdes', 'Cerca parques', 'Cerca transporte público', 'Zona residencial']",0,0,0,0,0,0,0,0,0,0,0,0,1,0,1,0,1,0,0,0,0,0,1,0,0,0,1,0,0,0,0,0,1,0,0,0,0,0,0,0,1,0,0,0,0,0,0,0,0,0,0,0,1,0,0,0,0,0,0,0,0,0,2023-10-03,duitama
"Lote o Casalote en Venta, Duitama",34-M4239598,Duitama,$1.003.520.000,Más de 20 años,1024 m²,1024 m²,,"Excelente predio ubicado en la ciudad de Duitama, Boyaca. a dos cuadras de la via principal de facil acceso y ubicado en barrio con proyectos de construccion urbana. ",3,,,"['Ancho 1.0 m', 'Area lote 1024 m²']","['Ancho 1.0 m', 'Area lote 1024 m²']",0,0,0,0,0,0,0,0,0,0,0,0,0,0,0,0,0,0,0,0,0,0,0,0,0,0,0,0,0,0,0,0,0,0,0,0,0,0,0,0,0,0,0,0,0,0,0,0,0,0,0,0,0,0,0,0,0,0,0,0,0,0,2023-10-03,duitama
"Oficina en Venta, Centro",MC4567457,centro,$265.000.000,Entre 0 y 5 años,50 m²,49 m²,$166.234,"Venta de espectacular oficina - consultorio con baño privado y cuarto de aseo-deposito, ubicada en el centro empresarial Durdan. El edificio cuenta con sala de juntas, amplia recepcion y vigilancia. El precio publicado corresponde al inmueble sin parqueadero. El parqueadero tiene un valor de 35 millones de pesos",1,,1,"['Citófonos', 'Piso en porcelanato', 'Piso 3', 'Tipo de parqueadero propio', 'Ascensor', 'Baños públicos', 'Parqueadero visitantes', 'Portería', 'Cerca centros comerciales', 'Cerca colegios / universidades', 'Cerca supermercados', 'Cerca transporte público', 'Ubicado en edificio', 'Zona comercial']","['Citófonos', 'Piso en porcelanato', 'Piso 3', 'Tipo de parqueadero propio', 'Ascensor', 'Baños públicos', 'Parqueadero visitantes', 'Portería', 'Cerca centros comerciales', 'Cerca colegios / universidades', 'Cerca supermercados', 'Cerca transporte público', 'Ubicado en edificio', 'Zona comercial']",0,1,0,0,0,1,1,0,1,0,1,0,0,0,0,1,0,0,0,0,0,0,0,0,0,0,0,0,0,0,0,1,0,0,0,0,0,0,0,0,0,1,0,0,0,0,1,0,0,0,0,0,1,0,1,0,1,0,0,0,1,0,2023-10-03,duitama
"Lote o Casalote en Venta, Vereda Tocogua Duitama",10278-M3848739,Vereda Tocogua Duitama,$350.000.000,Entre 10 y 20 años,0 m²,0 m²,,"Este lote ubicado en la Vereda Tocogüa, cuenta con un tanque de agua de reserva y con posibilidad de habilitar un punto de Luz  energía eléctrica . Cuenta con los beneficios de la paz y tranquilidad que da una ubicación rural o campestre, pero muy cerca del casco urbano del municipio de Duitama, una de las principales poblaciones del departamento de Boyacá. La ubicación del predio es estratégica ya que cuenta con una hermosa vista y se encuentra muy cerca de senderos naturales para realizar caminatas ecológicas o actividades de ecoturismo. La distancia entre la entrada al lote y la primera vía urbana es aproximadamente menos de 1 kilometro o lo que equivale a menos de 5 minutos en un vehículo particular o 15 minutos caminando.",2,,,[],[],0,0,0,0,0,0,0,0,0,0,0,0,0,0,0,0,0,0,0,0,0,0,0,0,0,0,0,0,0,0,0,0,0,0,0,0,0,0,0,0,0,0,0,0,0,0,0,0,0,0,0,0,0,0,0,0,0,0,0,0,0,0,2023-10-03,duitama
"Lote o Casalote en Venta, Camilo torres",3284-M2848162,Camilo torres,$10.000.400.600,Más de 20 años,2000 m²,12950 m²,,"La propiedad es un lote esquinero, cuenta con tres frentes en vías urbanas, entre las cuales se encuentra la transversal 20. La topografía de la propiedad es típica del sector y es apta para un desarrollo residencial. La misma cuenta con servicios disponibles para su uso, tiene una topografía en términos generales plana y no se encuentra en zona de inundación.",3,,,"['Ancho 178 m', 'Fondo 136 m', 'Tipo de lote lote vacío', 'Area lote 12950 m²', 'Esquinero', 'Cerca colegios / universidades', 'Cerca transporte público', 'Sobre vía principal']","['Ancho 178 m', 'Fondo 136 m', 'Tipo de lote lote vacío', 'Area lote 12950 m²', 'Esquinero', 'Cerca colegios / universidades', 'Cerca transporte público', 'Sobre vía principal']",0,0,0,0,0,1,0,0,0,0,0,0,0,0,0,0,0,0,0,0,0,0,0,0,0,1,0,0,0,0,0,0,0,0,0,0,0,0,0,0,0,0,0,0,0,1,0,0,0,0,0,0,1,0,0,0,0,0,0,0,0,0,2023-10-03,duitama
"Casa en Venta, Av Las Américas",11295-M3581012,Av Las Américas,$753.228.915,Más de 20 años,465 m²,465 m²,,"En venta, una amplia casa de 3 niveles con mezanine y ascensor industrial, ubicada sobre la transitada Avenida Las Américas, en un sector comercial de alto tráfico vehicular y peatonal. La propiedad cuenta con todos los servicios, luz trifásica y una excelente iluminación. En el primer nivel, hay un área de atención al cliente con una oficina, un punto de servicio, ascensor y baño. En el segundo nivel, se encuentra un mezanine con otra oficina y baño. En el tercer nivel, hay un amplio espacio para inventario y en el último nivel, un apartamento de 3 habitaciones con closet, 2 baños, cocina, patio de ropas y un luminoso espacio con vista a la avenida. La propiedad se encuentra a 5 minutos del centro, la funeraria y en un sector comercial con restaurantes, tiendas de autos, papelerías y supermercados ARA. Contáctanos para más información y programar una visita.",3,3,3,"['Zona de lavandería', 'Tipo de casa tradicional']","['Zona de lavandería', 'Tipo de casa tradicional']",0,0,0,0,0,0,0,0,0,0,0,0,0,0,0,0,0,0,0,0,0,0,0,0,0,0,0,0,0,1,0,0,0,0,1,0,0,0,0,0,0,0,0,0,0,0,0,0,0,0,0,0,0,0,0,0,0,0,0,0,0,0,2023-10-03,duitama
"Apartamento en Venta, Libertador ",MC4559592,Libertador ,$265.000.000,Entre 0 y 5 años,88 m²,90 m²,1,¿SE VENDE EXCLUSIVOS APARTAMENTOS CERCA A INNOVO¿  ¿Apartamento de ochenta y ocho mtr parqueadero   deposito $doscientos sesenta y cinco¿ Apartamento noventa y seis mtr   parqueadero deposito $285&#39;  ¿SE RECIBE SUBSIDIO CAJA HONOR Y CRÉDITO HIPOTECARIO ¿  ¿Tres habitaciones con closet ¿Dos baños con division en vidrio ¿ Estudio ¿Cocina integral ¿Zona humedad ¿Sala comedor ¿ Tanque subterráneo ,3,3,2,"['Baño auxiliar', 'Características del parqueadero cubierto', 'Cocina integral', 'Estudio o biblioteca', 'Zona de lavandería', 'Piso 5', 'Tipo de parqueadero propio', 'Depósito o cuarto útil', 'Cerca centros comerciales', 'Cerca colegios / universidades', 'Cerca parques', 'Cerca supermercados', 'Cerca transporte público', 'Ubicado en edificio', 'Zona comercial', 'Zona residencial']","['Baño auxiliar', 'Características del parqueadero cubierto', 'Cocina integral', 'Estudio o biblioteca', 'Zona de lavandería', 'Piso 5', 'Tipo de parqueadero propio', 'Depósito o cuarto útil', 'Cerca centros comerciales', 'Cerca colegios / universidades', 'Cerca parques', 'Cerca supermercados', 'Cerca transporte público', 'Ubicado en edificio', 'Zona comercial', 'Zona residencial']",0,1,0,1,0,1,1,1,0,0,0,0,0,0,0,0,0,0,1,0,0,0,0,0,0,0,0,0,0,1,0,1,1,0,0,0,0,0,0,0,1,1,0,0,1,0,0,0,0,0,0,0,1,0,0,1,1,0,0,0,0,0,2023-10-03,duitama
"Lote o Casalote en Venta, Colombia",MC4601064,colombia,$80.000.000,2373 m²,2373 m²,,,"Lote Rural en la vereda La Parroquia del Municipio de Duitama ubicado subiendo por la calle 14 pasando el Colegio Seminario La iglesia del Divino Niño y el paradero de buses , tiene aljibe propio y es tierra virgen para sembrar, también se puede construir y tiene contador de agua y poste de luz al lado para solicitar los servicios al Municipio, escriba al Whatsapp Tres Diez, Tres cincuenta y cuatro, Treinta y dos, Treinta y cinco para envío de video",3,,,"['Fondo 12 m', 'Lote vacio', 'Piso 1', 'Linda con rio o quebrada']","['Fondo 12 m', 'Lote vacio', 'Piso 1', 'Linda con rio o quebrada']",0,0,0,0,0,0,0,0,0,0,0,0,0,0,0,0,0,0,0,0,0,0,0,0,1,0,0,0,0,0,0,0,0,0,0,0,0,1,0,0,0,0,0,0,0,0,0,0,0,0,0,0,0,0,0,0,0,0,0,0,0,0,2023-10-03,duitama
"Casa en Venta, Solano",10278-311065182,Solano,$735.000.000,Más de 20 años,234 m²,210 m²,1,"Casa esquinera en el barrio Solano de Duitama. Predio de tres niveles, con 5 habitaciones, 2 baños, baño social, habitación y baño de servicio, sala con chimenea, comedor, cocina, patio de ropas, estudio, garaje y antejardín. Esta casa se encuentra ubicada en un importante y dinámico sector de la cuidad, frente al parque Solano y en la zona de influencia de los Centros Comerciales Innovo y Solano.",4,5,2,"['Baño auxiliar', 'Cuarto de servicio', 'Estudio o biblioteca', 'Parqueadero cubierto', 'Instalación de gas natural', 'Tipo de cocina lineal', 'Tipo de comedor sala comedor', 'Tipo de parqueadero independiente', 'Tipo acabado de piso otro', 'Tipo de piso en alcobas otro', 'Tipo de piso en comedor otro', 'Tipo de piso en estudio otro', 'Tipo de piso en sala otro', 'Baños de servicio', 'Jardín', 'Vigilancia 0', 'Cerca centros comerciales', 'Cerca parques', 'Cerca supermercados', 'Cerca transporte público']","['Baño auxiliar', 'Cuarto de servicio', 'Estudio o biblioteca', 'Parqueadero cubierto', 'Instalación de gas natural', 'Tipo de cocina lineal', 'Tipo de comedor sala comedor', 'Tipo de parqueadero independiente', 'Tipo acabado de piso otro', 'Tipo de piso en alcobas otro', 'Tipo de piso en comedor otro', 'Tipo de piso en estudio otro', 'Tipo de piso en sala otro', 'Baños de servicio', 'Jardín', 'Vigilancia 0', 'Cerca centros comerciales', 'Cerca parques', 'Cerca supermercados', 'Cerca transporte público']",0,0,0,0,1,0,1,0,0,0,0,0,0,1,0,0,0,0,1,0,0,1,0,0,0,0,1,1,0,0,1,0,1,0,0,0,0,0,0,0,0,0,0,0,1,0,0,1,0,0,0,0,1,0,0,0,1,1,1,0,0,0,2023-10-03,duitama
"Casa en Venta, LA FLORESTA",11295-M4050790,LA FLORESTA,$350.000.000,Entre 10 y 20 años,230 m²,230 m²,3,"Se vende casa ubicada en un sector central cerca a la Clínica Boyacá, la Universidad Antonio Nariño, Supermercado Paraíso y a 3 minutos del Nuevo Terminal además cerca a la Av las Américas y a conjuntos exclusivos como el Club de la floresta, La propiedad consta de 6 habitaciones, 3 baños, uno en la habitación principal y 2 sociales, sala comedor, cocina integral con horno, zona de estar y una terraza amplia con una zona social adicionalmente un garaje extenso para 3 garajes",4,5,3,"['Zona de lavandería', 'Tipo de casa tradicional']","['Zona de lavandería', 'Tipo de casa tradicional']",0,0,0,0,0,0,0,0,0,0,0,0,0,0,0,0,0,0,0,0,0,0,0,0,0,0,0,0,0,1,0,0,0,0,1,0,0,0,0,0,0,0,0,0,0,0,0,0,0,0,0,0,0,0,0,0,0,0,0,0,0,0,2023-10-03,duitama
"Casa en Venta, Altos de Surba y Bonza",MC4438277,Altos de Surba y Bonza,$1.234.567,Entre 0 y 5 años,350 m²,10 m²,3,Vendo hermosa casa en condominio Altos de Surba y Bonza. Duitama. Boyacá. Para valor y mas información favor llamar. Trescientos cuatro 453 treintainueve 89,5,3,4,"['Baño auxiliar', 'Características del parqueadero cubierto', 'Chimenea', 'Cocina tipo americano', 'Cocina integral', 'Estudio o biblioteca', 'Vigilancia', 'Zona de lavandería', 'Piso 2', 'Patio', 'Tipo de parqueadero propio', 'Baños de servicio', 'Depósito o cuarto útil', 'Jardín', 'Parqueadero visitantes', 'Conjunto cerrado', 'Portería', 'Cancha(s) de fútbol', 'Cancha(s) de tennis', 'Salón comunal', 'Zona de BBQ', 'Zona para niños', 'Zonas verdes', 'Cerca colegios / universidades', 'Cerca transporte público', 'Zona campestre', 'Zona residencial']","['Baño auxiliar', 'Características del parqueadero cubierto', 'Chimenea', 'Cocina tipo americano', 'Cocina integral', 'Estudio o biblioteca', 'Vigilancia', 'Zona de lavandería', 'Piso 2', 'Patio', 'Tipo de parqueadero propio', 'Baños de servicio', 'Depósito o cuarto útil', 'Jardín', 'Parqueadero visitantes', 'Conjunto cerrado', 'Portería', 'Cancha(s) de fútbol', 'Cancha(s) de tennis', 'Salón comunal', 'Zona de BBQ', 'Zona para niños', 'Zonas verdes', 'Cerca colegios / universidades', 'Cerca transporte público', 'Zona campestre', 'Zona residencial']",0,0,1,1,0,1,0,1,1,0,0,0,0,1,1,1,1,0,1,0,0,0,1,1,0,0,1,0,1,1,0,1,0,0,0,0,1,0,1,0,1,0,0,1,1,0,0,1,0,0,0,1,1,0,0,1,0,0,0,0,0,0,2023-10-03,duitama
"Apartamento en Venta, Conjunto Residencial El Parque",MC4520358,Conjunto Residencial El Parque,$480.000.000,Más de 20 años,261 m²,261 m²,2,"Penthouse Duplex  Ganga en Conjunto Cerrado 5to piso. 261.M Estrato 4 Centro de Duitama Boyacá. Cerca a bancos,centros comerciales, colegios, a dos cuadras de la Plaza de los Libertadores. Sala, comedor, estudio, hall de tv, tres amplias habitaciones, tres baños incluido  baño social y servicio, vestier, cocina integral, lavandería, terraza, parqueadero cubierto para dos automóviles, bodega y gas natural. Areas verdes, parque infantil, portería, vigilancia, cctv, reserva y bomba de agua.",4,3,3,"['Características del parqueadero cubierto', 'Citófonos', 'Cocina integral', 'Estudio o biblioteca', 'Piso en alfombra', 'Piso en madera', 'Vigilancia', 'Zona de lavandería', 'Piso 5', 'Tipo de parqueadero propio', 'Zona para niños', 'Zonas verdes', 'Cerca centros comerciales', 'Cerca colegios / universidades', 'Cerca parques', 'Cerca supermercados', 'Cerca transporte público', 'Zona residencial']","['Características del parqueadero cubierto', 'Citófonos', 'Cocina integral', 'Estudio o biblioteca', 'Piso en alfombra', 'Piso en madera', 'Vigilancia', 'Zona de lavandería', 'Piso 5', 'Tipo de parqueadero propio', 'Zona para niños', 'Zonas verdes', 'Cerca centros comerciales', 'Cerca colegios / universidades', 'Cerca parques', 'Cerca supermercados', 'Cerca transporte público', 'Zona residencial']",0,0,0,1,0,1,1,1,0,0,1,0,0,1,1,0,0,0,1,0,0,0,0,0,0,0,0,0,1,1,0,1,1,0,0,0,0,0,0,0,1,0,0,0,0,0,0,0,1,0,0,0,1,0,0,0,1,0,0,0,0,0,2023-10-03,duitama
"Casa en Venta, SAN JUAN BOSCO",MC4568594,SAN JUAN BOSCO,$650.000.000,Más de 20 años,224 m²,224 m²,,"Casa De 2 Pisos Y Terraza Con 4 Apartamentos Independientes,  cada uno cuenta con 2 habitaciones, baño  y cocina independiente. Adicionalmente el apartamento del primer piso cuenta con un patio individual",3,5,4,"['Cocina integral', 'Piso en baldosa', 'Piso 2', 'Patio', 'Vivienda bifamiliar', 'Cerca centros comerciales', 'Cerca colegios / universidades', 'Cerca parques', 'Cerca supermercados', 'Cerca transporte público', 'Zona campestre', 'Zona comercial', 'Zona residencial']","['Cocina integral', 'Piso en baldosa', 'Piso 2', 'Patio', 'Vivienda bifamiliar', 'Cerca centros comerciales', 'Cerca colegios / universidades', 'Cerca parques', 'Cerca supermercados', 'Cerca transporte público', 'Zona campestre', 'Zona comercial', 'Zona residencial']",0,0,0,1,0,1,1,0,0,0,0,0,1,0,0,0,1,0,0,0,0,0,1,0,0,0,0,0,0,0,0,0,1,0,0,0,0,0,1,0,1,1,0,0,0,0,0,0,0,0,0,0,1,0,0,0,1,0,0,0,0,0,2023-10-03,duitama
"Casa en Venta, EL PROGRESO",11295-M3798074,EL PROGRESO,$280.000.000,Entre 5 y 10 años,307 m²,307 m²,,"Casa de 4 plantas unifamiliar en obra gris con materiales de primera calidad con 6 habitaciones 3 baños, sala comedor, cocina, plancha con una excelente vista a la ciudad, el sector es residencial cerca  a zona comercial fácil transporte publico los principales colegios y a conjuntos residenciales",2,5,3,"['Zona de lavandería', 'Tipo de casa tradicional']","['Zona de lavandería', 'Tipo de casa tradicional']",0,0,0,0,0,0,0,0,0,0,0,0,0,0,0,0,0,0,0,0,0,0,0,0,0,0,0,0,0,1,0,0,0,0,1,0,0,0,0,0,0,0,0,0,0,0,0,0,0,0,0,0,0,0,0,0,0,0,0,0,0,0,2023-10-03,duitama
"Local Comercial en Venta, Solano",10278-M4039828,Solano,$310.000.000,Entre 0 y 5 años,21.87 m²,21.87 m²,,"Se vende local comercial esquinero nuevo, con un área de 21,87m2 más un parqueadero. El local se encuentra ubicado en la entrada 3 del pasaje Comercial Solano Actualmente el local se encuentra rentando con la posibilidad de cesión de contrato.
El pasaje Comercial Solano se encuentra ubicado a unos pasos del centro comercial Innovo, el cuál cuenta con 2 niveles más un semisótano para parqueo de vehículos y depósitos. El primer nivel cuenta con locales comerciales con áreas entre 10 y 28 m2 aproximadamente, islas comerciales con áreas promedio de 4 m2 y zona para cafés. El tercer nivel cuenta con un local de gran formato destinado para salas de cine, un casino, 33 islas desde 4 m2, 5 locales para comida con plazoleta y 21 locales comerciales entre los 10 y 26 m2.
Es una excelente oportunidad de inversión con buena rentabilidad.
",5,,,"['Número de local 1', 'Piso 1', 'Tipo de local en centro comercial', 'Vista exterior', 'Ascensor', 'Circuito cerrado de TV', 'Número de Ascensores 1', 'Vigilancia 24hrs', 'Cerca centros comerciales', 'Cerca parques', 'Cerca supermercados', 'Cerca transporte público', 'Sobre vía principal']","['Número de local 1', 'Piso 1', 'Tipo de local en centro comercial', 'Vista exterior', 'Ascensor', 'Circuito cerrado de TV', 'Número de Ascensores 1', 'Vigilancia 24hrs', 'Cerca centros comerciales', 'Cerca parques', 'Cerca supermercados', 'Cerca transporte público', 'Sobre vía principal']",1,0,0,0,0,0,1,0,0,0,0,0,0,1,0,0,0,0,0,0,0,0,0,0,0,1,0,0,0,0,0,0,1,0,0,0,0,1,0,1,0,0,0,0,0,0,0,0,0,0,0,0,1,0,1,0,1,0,0,1,0,1,2023-10-03,duitama
"Lote o Casalote en Venta, Centro",MC4599693,centro,$6.075.000.000,0 m²,675 m²,,,"Lote en exclusivo sector centro, a menos de cinco minutos de La Plaza de los libertadores.  30 Mt Fondo x 22.5 Mt frente. ",4,,,"['Fondo 30 m', 'Lote vacio', 'Piso 0', 'Cerca transporte público']","['Fondo 30 m', 'Lote vacio', 'Piso 0', 'Cerca transporte público']",0,0,0,0,0,0,0,0,0,0,0,0,0,0,0,0,0,0,0,0,0,0,0,0,1,0,0,0,0,0,0,0,0,0,0,0,0,0,0,0,0,0,0,0,0,0,0,0,0,0,0,0,1,0,0,0,0,0,0,0,0,0,2023-10-03,duitama
"Apartamento en Venta, Bochica",MC4557643,Bochica,$340.000.000,Entre 5 y 10 años,90 m²,90 m²,$120.000,"90 m2 construcción, segundo piso Edificio con ascensor ",3,3,2,"['Características del parqueadero cubierto', 'Chimenea', 'Citófonos', 'Cocina integral', 'Estudio o biblioteca', 'Piso en baldosa', 'Piso en madera', 'Zona de lavandería', 'Piso 2', 'Tipo de parqueadero propio', 'Ascensor', 'Parqueadero visitantes', 'Cerca colegios / universidades', 'Cerca parques', 'Cerca supermercados', 'Cerca transporte público', 'Zona residencial']","['Características del parqueadero cubierto', 'Chimenea', 'Citófonos', 'Cocina integral', 'Estudio o biblioteca', 'Piso en baldosa', 'Piso en madera', 'Zona de lavandería', 'Piso 2', 'Tipo de parqueadero propio', 'Ascensor', 'Parqueadero visitantes', 'Cerca colegios / universidades', 'Cerca parques', 'Cerca supermercados', 'Cerca transporte público', 'Zona residencial']",0,0,1,1,0,1,1,1,0,0,1,0,1,0,0,1,0,0,1,0,0,0,1,0,0,0,0,0,0,1,0,1,1,0,0,0,0,0,0,0,1,0,0,0,0,0,0,0,1,0,0,0,1,0,1,0,0,0,0,0,0,0,2023-10-03,duitama
"Apartamento en Venta, Sevilla",10159-M4219606,Sevilla,$165.000.000,Entre 10 y 20 años,64 m²,62 m²,$74.000,"Código 6539FR198 Excelente oportunidad de adquirir apartamento en el Mirador del Chiticuy en la ciudad de Duitama, con fácil acceso de transporte público, el conjunto cuenta con vigilancia las veinticuatro horas, circuito de cámaras, zonas verdes, parque infantil, salón social, zona de BBQ, cancha de baloncesto, cancha de futbol, Capilla de oración dentro del conjunto, GYM a campo abierto y parqueadero para visitantes, este apartamento consta de tres alcobas con closet, dos baños con división en vidrio, uno en la habitación principal, cocina semi-integral, sala-comedor, zona de lavandería y tiene derecho a un parqueadero asignado no incluido en la escritura, se entrega con persianas romanas con black out en la habitación principal.

Quieres obtener más información, contáctanos para ayudarte a elegir el espacio que buscas…
",2,3,2,"['Baño auxiliar', 'Calefacción', 'Citófonos', 'Cocina integral', 'Comedor auxiliar', 'Hall de alcobas', 'Vigilancia', 'Zona de lavandería', 'Piso 5', 'Tipo acabado de piso cerámica', 'Baños de servicio', 'Circuito cerrado de TV', 'Parqueadero visitantes', 'Vista panorámica', 'Conjunto cerrado', 'Portería', 'Cancha(s) de basket', 'Cancha(s) de fútbol', 'Gimnasio', 'Salón comunal', 'Zona de BBQ', 'Zona para niños', 'Zonas verdes', 'Cerca colegios / universidades', 'Cerca parques', 'Cerca transporte público', 'Sobre vía principal', 'Zona campestre', 'Zona residencial']","['Baño auxiliar', 'Calefacción', 'Citófonos', 'Cocina integral', 'Comedor auxiliar', 'Hall de alcobas', 'Vigilancia', 'Zona de lavandería', 'Piso 5', 'Tipo acabado de piso cerámica', 'Baños de servicio', 'Circuito cerrado de TV', 'Parqueadero visitantes', 'Vista panorámica', 'Conjunto cerrado', 'Portería', 'Cancha(s) de basket', 'Cancha(s) de fútbol', 'Gimnasio', 'Salón comunal', 'Zona de BBQ', 'Zona para niños', 'Zonas verdes', 'Cerca colegios / universidades', 'Cerca parques', 'Cerca transporte público', 'Sobre vía principal', 'Zona campestre', 'Zona residencial']",0,0,0,1,0,1,0,0,1,0,1,0,0,1,1,1,0,1,0,0,0,0,0,0,0,1,0,0,1,1,0,0,1,1,0,0,1,0,1,1,1,0,0,1,1,0,0,1,0,0,1,1,1,0,0,0,0,0,0,0,0,0,2023-10-03,duitama
"Casa en Venta, MANZANARES",11295-M3973675,MANZANARES,$300.000.000,Entre 10 y 20 años,227 m²,227 m²,,"Casa cerca al  Centro Comercial Innovo Plaza y zona de los colegios, consta 2 apartamentos independientes mas terraza con zona de lavado de ropa con proyección a un tercer apartamento, el primer apartamento cuenta con 3 habitaciones 2 baños, uno en la habitación principal y otro social, sala comedor, cocina, patio de ropas. El segundo apartamento consta de  una sala comedor amplia, cocina, 3 habitaciones, la principal con baño privado, un baño social y un cuarto de estudio ",3,5,4,"['Zona de lavandería', 'Tipo de casa tradicional']","['Zona de lavandería', 'Tipo de casa tradicional']",0,0,0,0,0,0,0,0,0,0,0,0,0,0,0,0,0,0,0,0,0,0,0,0,0,0,0,0,0,1,0,0,0,0,1,0,0,0,0,0,0,0,0,0,0,0,0,0,0,0,0,0,0,0,0,0,0,0,0,0,0,0,2023-10-03,duitama
"Lote o Casalote en Venta, Centro",MC4571660,Centro,$500.000.000,268 m²,268 m²,,,"Muy buen lote vacío de 268 metros cuadr ubicado estratégicamente sobre la carrera veinte costado Norte, en el retorno hacia el occidente. Frente de NUEVE metros x TREINTA de fondo. Edificable de 3 a 8 pisos. Cuenta con los servicios de acueducto, energía y aseo. Ubicado en una zona de alta valorización y con buenos e interesantes  futuros proyectos, buen transporte público y comercio, Se cuenta con avalúo y estudio de suelos. Uso en multifamiliar y comercio en primeros pisos. Zona de desarrollo.",2,,,"['Fondo 30 m', 'Lote vacio', 'Piso 1', 'Cerca transporte público']","['Fondo 30 m', 'Lote vacio', 'Piso 1', 'Cerca transporte público']",0,0,0,0,0,0,0,0,0,0,0,0,0,0,0,0,0,0,0,0,0,0,0,0,1,0,0,0,0,0,0,0,0,0,0,0,0,1,0,0,0,0,0,0,0,0,0,0,0,0,0,0,1,0,0,0,0,0,0,0,0,0,2023-10-03,duitama
"Casa en Venta, El Paraiso",MC4552999,El Paraiso,$257.900.000,Más de 20 años,111 m²,92 m²,1,"Amplia casa unifamiliar en venta de 111 m2 de dos plantas recién remodelada con espectaculares acabados, ubicada en el barrio el Paraíso, consta de:  ante jardín, un parqueadero cubierto, opción de un parqueadero adicional descubierto, sala, comedor, cocina integral, amplio patio, tres baños, tres habitaciones con closets nuevos, estudio, persianas tipo blackout, cuenta con todos los servicios públicos, estrato 3.  Venta directamente con el propietario. ",3,3,3,"['Baño auxiliar', 'Características del parqueadero cubierto', 'Cocina integral', 'Estudio o biblioteca', 'Equipado / amoblado', 'Piso en baldosa', 'Zona de lavandería', 'Piso 2', 'Patio', 'Tipo de parqueadero propio', 'Depósito o cuarto útil', 'Cancha(s) de fútbol', 'Cerca colegios / universidades', 'Cerca parques', 'Cerca supermercados', 'Cerca transporte público', 'Zona campestre', 'Zona comercial', 'Zona residencial']","['Baño auxiliar', 'Características del parqueadero cubierto', 'Cocina integral', 'Estudio o biblioteca', 'Equipado / amoblado', 'Piso en baldosa', 'Zona de lavandería', 'Piso 2', 'Patio', 'Tipo de parqueadero propio', 'Depósito o cuarto útil', 'Cancha(s) de fútbol', 'Cerca colegios / universidades', 'Cerca parques', 'Cerca supermercados', 'Cerca transporte público', 'Zona campestre', 'Zona comercial', 'Zona residencial']",0,0,0,1,0,1,1,1,0,0,0,0,1,0,0,0,1,0,1,0,0,0,1,0,0,0,0,0,0,1,0,1,1,0,0,0,0,0,1,0,1,1,0,0,1,0,0,0,0,0,0,0,1,0,0,1,0,0,0,0,0,0,2023-10-03,duitama
"Casa en Venta, Centro",11964-M4320819,Centro,$350.000.000,Entre 0 y 5 años,158 m²,158 m²,1,"Esta increíble casa ubicada en Duitama, Boyacá te brinda una oportunidad única y exclusiva de adquirir una propiedad con mucho espacio para disfrutar. Construida con un área de terreno de 72 m2 y un área construida de 158 m2, ofrece un amplio espacio para desarrollar lo que desees. Esta hermosa propiedad de tres plantas se compone de 4 alcobas, 4 baños, una moderna cocina integral con barra, además de una sala grande que integra la sala y el comedor, disfrutando de una vista panorámica. Esta casa es adosada, pero con la privacidad de sus vecinos. No sólo eso, sino que también cuenta con excelentes acabados como armarios empotrados, balcón, baño auxiliar, baño en habitación principal, estudio, calentador, clósets, cocina tipo americano y zona de lavandería. Exteriormente ofrece acceso pavimentado, garaje, parques cercanos, sobre vía principal, terraza, transporte público cercano y zona residencial. Esta propiedad única y para estrenar",4,4,4,"['Apto para niños', 'Baño auxiliar', 'Calefacción', 'Cocina tipo americano', 'Cocina integral', 'Comedor auxiliar', 'Tipo de cortinas ninguna', 'Estudio o biblioteca', 'Parqueadero cubierto', 'Zona de lavandería', 'Instalación de gas natural', 'Closets 3', 'Número de líneas teléfonicas 0', 'Se permite fumar', 'Calentador gas', 'Tipo de casa condominio', 'Tipo de cocina en u', 'Tipo de comedor sala comedor', 'Deposito 1', 'Tipo de estufa gas', 'Tipo de parqueadero propio', 'Tipo acabado de piso cerámica', 'Tipo de piso en alcobas laminado', 'Tipo de piso en comedor laminado', 'Tipo de piso en estudio laminado', 'Tipo de piso en sala laminado', 'Vista exterior', 'Area lote 72 m²', 'Area Terraza/Balcón 15 m²', 'Acceso para discapacitados', 'Baños de servicio', 'Vista panorámica', 'Número de Ascensores 0', 'Terraza/Balcón balcón', 'Vigilancia 0', 'Cerca centros comerciales', 'Cerca parques', 'Cerca supermercados', 'Cerca transporte público', 'Sobre vía secundaria', 'Zona residencial']","['Apto para niños', 'Baño auxiliar', 'Calefacción', 'Cocina tipo americano', 'Cocina integral', 'Comedor auxiliar', 'Tipo de cortinas ninguna', 'Estudio o biblioteca', 'Parqueadero cubierto', 'Zona de lavandería', 'Instalación de gas natural', 'Closets 3', 'Número de líneas teléfonicas 0', 'Se permite fumar', 'Calentador gas', 'Tipo de casa condominio', 'Tipo de cocina en u', 'Tipo de comedor sala comedor', 'Deposito 1', 'Tipo de estufa gas', 'Tipo de parqueadero propio', 'Tipo acabado de piso cerámica', 'Tipo de piso en alcobas laminado', 'Tipo de piso en comedor laminado', 'Tipo de piso en estudio laminado', 'Tipo de piso en sala laminado', 'Vista exterior', 'Area lote 72 m²', 'Area Terraza/Balcón 15 m²', 'Acceso para discapacitados', 'Baños de servicio', 'Vista panorámica', 'Número de Ascensores 0', 'Terraza/Balcón balcón', 'Vigilancia 0', 'Cerca centros comerciales', 'Cerca parques', 'Cerca supermercados', 'Cerca transporte público', 'Sobre vía secundaria', 'Zona residencial']",0,0,0,1,0,0,1,0,0,1,0,1,0,1,0,0,0,0,1,1,1,0,0,1,0,0,0,1,0,1,1,1,1,1,0,1,0,0,0,0,1,0,1,0,1,0,0,1,0,1,1,0,1,1,1,0,1,1,1,0,0,1,2023-10-03,duitama
"Casa en Venta, No encontré mi barrio   ",MC4596937,No encontré mi barrio   ,$660.000.000,Remodelado,210 m²,1024 m²,2,"Casa de campo con diseño arquitectónico contemporaneo, rodeada de jardines y luz por los cuatro costados. Tiene 3 habitaciones con baño privado. La habitación principal tiene un tamaño generoso con  enormes vestieres y un baño generoso. Un estudio en el primer piso. Sala comedor de buen tamaño y cocina americana con los mejores acabados. La casa se ubica en un lote de mil metros con todos los servicos energía, agua, gas y red de internet de fibra opt. Planta eléctrica y bomba con equipo presión",4,3,4,"['Características del parqueadero cubierto', 'Chimenea', 'Cocina tipo americano', 'Estudio o biblioteca', 'Piso en madera', 'Zona de lavandería', 'Piso 2', 'Tipo de parqueadero independiente', 'Depósito o cuarto útil', 'Jardín', 'Conjunto cerrado', 'Cerca supermercados', 'Cerca transporte público', 'Zona campestre']","['Características del parqueadero cubierto', 'Chimenea', 'Cocina tipo americano', 'Estudio o biblioteca', 'Piso en madera', 'Zona de lavandería', 'Piso 2', 'Tipo de parqueadero independiente', 'Depósito o cuarto útil', 'Jardín', 'Conjunto cerrado', 'Cerca supermercados', 'Cerca transporte público', 'Zona campestre']",0,0,1,0,1,0,1,1,0,0,0,0,0,0,0,0,0,0,1,0,0,0,1,1,0,0,1,0,0,1,0,0,0,0,0,0,0,0,1,0,0,0,0,0,0,0,0,0,1,0,0,1,1,0,0,1,0,0,0,0,0,0,2023-10-03,duitama
"Casa en Venta, Solano",10278-M4426237,Solano,$735.000.000,Más de 20 años,234 m²,210 m²,1,"Casa esquinera en el barrio Solano de Duitama. Predio de tres niveles, con 5 habitaciones, 2 baños, baño social, habitación y baño de servicio, sala con chimenea, comedor, cocina, patio de ropas, estudio, garaje y antejardín. Esta casa se encuentra ubicada en un importante y dinámico sector de la cuidad, frente al parque Solano y en la zona de influencia de los Centros Comerciales Innovo y Solano.",4,5,2,"['Baño auxiliar', 'Cuarto de servicio', 'Estudio o biblioteca', 'Parqueadero cubierto', 'Instalación de gas natural', 'Tipo de cocina lineal', 'Tipo de comedor sala comedor', 'Tipo de parqueadero independiente', 'Tipo acabado de piso otro', 'Tipo de piso en alcobas otro', 'Tipo de piso en comedor otro', 'Tipo de piso en estudio otro', 'Tipo de piso en sala otro', 'Baños de servicio', 'Jardín', 'Vigilancia 0', 'Cerca centros comerciales', 'Cerca parques', 'Cerca supermercados', 'Cerca transporte público']","['Baño auxiliar', 'Cuarto de servicio', 'Estudio o biblioteca', 'Parqueadero cubierto', 'Instalación de gas natural', 'Tipo de cocina lineal', 'Tipo de comedor sala comedor', 'Tipo de parqueadero independiente', 'Tipo acabado de piso otro', 'Tipo de piso en alcobas otro', 'Tipo de piso en comedor otro', 'Tipo de piso en estudio otro', 'Tipo de piso en sala otro', 'Baños de servicio', 'Jardín', 'Vigilancia 0', 'Cerca centros comerciales', 'Cerca parques', 'Cerca supermercados', 'Cerca transporte público']",0,0,0,0,1,0,1,0,0,0,0,0,0,1,0,0,0,0,1,0,0,1,0,0,0,0,1,1,0,0,1,0,1,0,0,0,0,0,0,0,0,0,0,0,1,0,0,1,0,0,0,0,1,0,0,0,1,1,1,0,0,0,2023-10-03,duitama
"Apartamento en Venta, TOCOGUA",4428-M4334400,TOCOGUA,$212.000.000,Entre 0 y 5 años,65 m²,65 m²,$200.000,"MODERNO APARTAMENTO UBICADO SOBRE LA CRA 30 C0N CALLE 24 EN DUITAMA. ESTA PARA ENTREGA EN SEPTIEMBRE, CERCA A LA UNIVERSIDAD TECNOLOGICA, PUEBLITO BOYACENCE, COLEGIO SANTO TOMAS, ADEMAS DE SUPERMERCADOS, RESTAURANTES Y DEMAS. MODERNA CONSTRUCCION, CON SALON COMUNAL, JUEGOS PARA NIÑOS, SENDEROS PEATONONALES, ZONAS DE BBQ. 
LA ZONA ES TOCOGUA O LAS LAJAS!!!!!!!!!",3,2,2,"['Apto para niños', 'Citófonos', 'Parqueadero cubierto', 'Zona de lavandería', 'Instalación de gas natural', 'Closets 2', 'Piso 3', 'Se permite fumar', 'Calentador gas', 'Tipo de cocina abierta', 'Tipo de comedor sala comedor', 'Deposito 0', 'Tipo de estufa gas', 'Tipo de parqueadero propio', 'Tipo acabado de piso laminado', 'Tipo de piso en alcobas laminado', 'Tipo de piso en sala laminado', 'Vista exterior', 'Area Terraza/Balcón 3 m²', 'Ascensor', 'Acceso para discapacitados', 'Circuito cerrado de TV', 'Conjunto cerrado', 'Número de Ascensores 1', 'Terraza/Balcón balcón', 'Vigilancia 24hrs', 'Gimnasio', 'Salón comunal', 'Zona de BBQ', 'Zona para niños', 'Zonas verdes', 'Cerca centros comerciales', 'Cerca colegios / universidades', 'Cerca parques', 'Cerca supermercados', 'Cerca transporte público', 'Sobre vía secundaria']","['Apto para niños', 'Citófonos', 'Parqueadero cubierto', 'Zona de lavandería', 'Instalación de gas natural', 'Closets 2', 'Piso 3', 'Se permite fumar', 'Calentador gas', 'Tipo de cocina abierta', 'Tipo de comedor sala comedor', 'Deposito 0', 'Tipo de estufa gas', 'Tipo de parqueadero propio', 'Tipo acabado de piso laminado', 'Tipo de piso en alcobas laminado', 'Tipo de piso en sala laminado', 'Vista exterior', 'Area Terraza/Balcón 3 m²', 'Ascensor', 'Acceso para discapacitados', 'Circuito cerrado de TV', 'Conjunto cerrado', 'Número de Ascensores 1', 'Terraza/Balcón balcón', 'Vigilancia 24hrs', 'Gimnasio', 'Salón comunal', 'Zona de BBQ', 'Zona para niños', 'Zonas verdes', 'Cerca centros comerciales', 'Cerca colegios / universidades', 'Cerca parques', 'Cerca supermercados', 'Cerca transporte público', 'Sobre vía secundaria']",1,0,0,0,0,1,1,0,0,1,1,1,0,1,1,0,0,0,0,1,0,0,0,0,0,0,0,1,1,1,0,1,1,0,0,0,1,0,0,1,0,0,1,1,0,0,0,0,0,1,0,1,1,1,1,0,1,1,1,1,1,1,2023-10-03,duitama
